run,transforms,callbacks,mean_us,p99_us,max_us
chain-1.callbacks,0,11250,974.9920591111111,1015.0,1140.87
chain-2.callbacks,0,11250,955.6838797333334,983.759,1125.26
combined-1.callbacks,1,1,1491.67,1491.67,1491.67
combined-1.callbacks,7,1,1761.83,1761.83,1761.83
combined-1.callbacks,11,3,2622.9366666666665,2633.94,3127.74
combined-1.callbacks,12,2,2764.62,2560.94,2968.3
combined-1.callbacks,15,2,2935.1949999999997,2801.0,3069.39
combined-1.callbacks,16,2,2927.63,2720.74,3134.52
combined-2.callbacks,1,1,1458.17,1458.17,1458.17
combined-2.callbacks,7,1,1773.37,1773.37,1773.37
combined-2.callbacks,11,3,2581.8566666666666,2615.76,3025.24
combined-2.callbacks,12,2,2755.6099999999997,2580.98,2930.24
combined-2.callbacks,15,2,2941.3050000000003,2805.76,3076.85
combined-2.callbacks,16,2,2934.295,2735.11,3133.48
combined-offline-1.callbacks,11,1125,3186.713742222222,3344.7,3407.52
combined-offline-1.callbacks,12,1125,3403.724186666667,3571.45,3819.0
combined-offline-1.callbacks,15,1125,3462.7416,3650.74,3776.07
combined-offline-1.callbacks,16,1125,3611.7416,3778.94,3875.13
combined-offline-2.callbacks,11,1125,3258.3197955555556,3422.59,3793.28
combined-offline-2.callbacks,12,1125,3472.1015111111114,3631.63,3779.41
combined-offline-2.callbacks,15,1125,3532.7890933333333,3708.76,4019.65
combined-offline-2.callbacks,16,1125,3683.8170133333333,3848.44,3976.45
core-1.callbacks,11,2812,1954.3319487908964,2063.37,2410.57
core-1.callbacks,12,2813,2161.467401350871,2275.95,2502.65
core-1.callbacks,15,2813,2182.460056878777,2319.2,2513.0
core-1.callbacks,16,2812,2320.263367709815,2443.59,2725.22
core-2.callbacks,11,2812,1983.9552987197724,2090.5,2235.37
core-2.callbacks,12,2813,2199.0875755421257,2304.87,2370.96
core-2.callbacks,15,2813,2198.5794525417705,2335.67,2445.87
core-2.callbacks,16,2812,2316.1632610241822,2445.52,2554.17
core-count.callbacks,11,1875,1971.5085013333332,2076.18,2459.85
core-count.callbacks,12,1875,2185.3710133333334,2289.22,2495.3
core-count.callbacks,15,1875,2203.5316213333335,2338.43,2418.44
core-count.callbacks,16,1875,2336.8504106666664,2465.09,2579.44
core-sample.callbacks,11,1875,1985.1419306666667,2103.76,2329.5
core-sample.callbacks,12,1875,2198.1114613333334,2306.39,2413.0
core-sample.callbacks,15,1875,2221.4250293333334,2349.18,2524.07
core-sample.callbacks,16,1875,2346.631472,2475.56,2567.94
noop-1.callbacks,0,3000,4.577096333333333,5.722,6.018
