build,workload,callback_frames,mean_demand_min_percent,mean_demand_max_percent,two_run_mean_us,p99_min_us,p99_max_us,worst_us,over_budget_min_count,over_budget_max_count,over_budget_min_percent,over_budget_max_percent,preparation_allocated_bytes
baseline,matched_freeze_off,128,86.350564,86.411014,2303.488000,2610.537000,2619.259000,2776.315000,5,5,0.333333,0.333333,1618560
baseline,matched_freeze_off,64,86.334247,86.431597,1151.772000,1681.426000,1688.371000,1873.333000,1130,1144,37.666667,38.133333,1618560
baseline,matched_granular_control,128,6.987637,7.009574,186.629500,411.463000,412.093000,453.352000,0,0,0.000000,0.000000,329256
baseline,matched_granular_control,64,6.996077,7.012877,93.393000,347.907000,347.907000,371.055000,0,0,0.000000,0.000000,329256
baseline,matched_spectral_control,128,20.579210,20.776497,551.409500,967.537000,969.871000,1132.592000,0,0,0.000000,0.000000,583776
baseline,matched_spectral_control,64,20.668355,21.118805,278.581000,946.482000,982.667000,1156.259000,0,0,0.000000,0.000000,583776
candidate,matched_freeze_off,128,86.269339,86.348239,2301.568000,2682.741000,2687.240000,2863.500000,23,24,1.533333,1.600000,1618560
candidate,matched_freeze_off,64,85.675596,87.022897,1151.323000,1457.445000,1480.223000,1644.222000,152,180,5.066667,6.000000,1618560
candidate,matched_granular_control,128,6.992249,7.014224,186.753000,410.296000,412.277000,457.223000,0,0,0.000000,0.000000,329256
candidate,matched_granular_control,64,6.988277,7.045277,93.557000,347.666000,348.074000,411.445000,0,0,0.000000,0.000000,329256
candidate,matched_spectral_control,128,20.573622,20.973897,553.967000,958.018000,980.963000,1174.944000,0,0,0.000000,0.000000,583776
candidate,matched_spectral_control,64,20.614430,20.898230,276.751000,945.871000,956.130000,1402.611000,0,1,0.000000,0.033333,583776
