"Id";"Designator";"Footprint";"Quantity";"Designation";"Supplier and ref";
1;"J102";"PinHeader_1x03_P2.54mm_Vertical";1;"CODEC AUX L / GND / R";;;
2;"D202,D301,D302,D501";"D_SOD-323";4;"PESD5V0S1BA";;;
3;"FB202,FB201,FB102";"R_0603_1608Metric";3;"120R @100MHz";;;
4;"C404,C302,C303,C201,C104,C405,C102,C301";"C_0603_1608Metric";8;"100n / 50V X7R";;;
5;"C502,C401,C402";"C_1206_3216Metric";3;"10u / 50V X5R";;;
6;"D204,D203";"D_SOD-323";2;"PESD24VL1BA";;;
7;"U301";"VSSOP-10_3x3mm_P0.5mm";1;"ADS1115IDGS";;;
8;"C202,C203";"C_1206_3216Metric";2;"100p / 1kV C0G";;;
9;"D304,D305,D306,D303";"D_SOD-123F";4;"BAT54H";;;
10;"JP301";"PinHeader_2x03_P2.54mm_Vertical";1;"POLARITY / 2 SHUNTS";;;
11;"TP103";"TestPoint_Pad_D1.5mm";1;"GND";;;
12;"C501";"CP_Elec_Panasonic_FK_D6.3_H5.8";1;"47u / 16V";;;
13;"R406,R302,R403,R405,R404,R304";"R_0603_1608Metric";6;"10k / 1%";;;
14;"R503";"R_0603_1608Metric";1;"1k";;;
15;"FB101";"L_0805_2012Metric";1;"600R @100MHz";;;
16;"R401,R402";"R_0603_1608Metric";2;"100k / 1%";;;
17;"R506,R504";"R_0603_1608Metric";2;"100k";;;
18;"R301,R202";"R_0603_1608Metric";2;"1k / 1%";;;
19;"D201,D502";"D_SOD-123";2;"1N4148W";;;
20;"TP401";"TestPoint_Pad_D1.5mm";1;"VREF";;;
21;"J502";"PinHeader_1x02_P2.54mm_Vertical";1;"TO YOUR AMP CIRCUIT";;;
22;"R307";"R_0603_1608Metric";1;"2.2k / rail bleed";;;
23;"TP201";"TestPoint_Pad_D1.5mm";1;"MIDI_RX";;;
24;"J202";"PinHeader_1x02_P2.54mm_Vertical";1;"TO MIDI PANEL / 4,5";;;
25;"J302";"PinHeader_1x03_P2.54mm_Vertical";1;"TO EXP PANEL / T,R,S";;;
26;"TP101";"TestPoint_Pad_D1.5mm";1;"+5V_A";;;
27;"TP301";"TestPoint_Pad_D1.5mm";1;"EXP_ADC";;;
28;"C403,C103";"C_0805_2012Metric";2;"10u / 25V X5R";;;
29;"U402,U401";"SOIC-8_3.9x4.9mm_P1.27mm";2;"TLV9002IDR";;;
30;"C101";"C_0805_2012Metric";1;"22u / 25V X5R";;;
31;"R501";"R_0603_1608Metric";1;"10k";;;
32;"Q501";"SOT-23";1;"AO3400A";;;
33;"R305,R306";"R_0603_1608Metric";2;"33R";;;
34;"TP501";"TestPoint_Pad_D1.5mm";1;"LINE_JACK";;;
35;"TP102";"TestPoint_Pad_D1.5mm";1;"+3V3_ADC";;;
36;"TP402";"TestPoint_Pad_D1.5mm";1;"MONO_BUF";;;
37;"R303";"R_0603_1608Metric";1;"1M";;;
38;"J503";"PinHeader_1x02_P2.54mm_Vertical";1;"TO LINE PANEL / T,S";;;
39;"R203";"R_0603_1608Metric";1;"100R";;;
40;"R505";"R_0603_1608Metric";1;"1k / isolation";;;
41;"R101";"R_1206_3216Metric";1;"0R / chassis bond";;;
42;"J101";"PinSocket_2x20_P2.54mm_Vertical";1;"PI 40-PIN HEADER";;;
43;"R201";"R_0603_1608Metric";1;"220R / 1%";;;
44;"R502";"R_0603_1608Metric";1;"100R / 1%";;;
