workload,callback_frames,baseline_mean_demand_min_percent,baseline_mean_demand_max_percent,candidate_mean_demand_min_percent,candidate_mean_demand_max_percent,two_run_mean_reduction_percent,baseline_p99_min_us,baseline_p99_max_us,candidate_p99_min_us,candidate_p99_max_us,baseline_worst_us,candidate_worst_us
granular_reference_10_shifters,64,6.994502,7.022852,7.013402,7.028627,-0.176032,348.537000,348.945000,348.444000,348.760000,380.907000,401.759000
spectral_identity_focus_transition,64,21.040805,21.093380,20.611280,20.618405,2.146713,960.092000,973.945000,936.111000,949.204000,1110.204000,1045.741000
spectral_pitch_bank_warp_focus,64,88.092622,88.281397,87.585472,88.152397,0.360682,1707.277000,1721.389000,1688.093000,1692.629000,1929.555000,1832.111000
spectral_pitch_bank_attack_warp_focus,64,84.863871,85.471221,84.435846,84.856746,0.612029,1725.055000,1732.537000,1739.056000,1740.056000,1894.648000,1886.630000
static_sound_path_filter_space_pan_attack,64,93.218648,94.322724,92.171198,92.444123,1.560216,1854.445000,1864.203000,1871.000000,1878.389000,1990.574000,2056.333000
expression_modes_filter_space_pan_attack,64,96.914649,97.347924,95.804199,96.175599,1.175098,2034.500000,2068.630000,2038.499000,2051.907000,2266.130000,2282.907000
freeze_gliss_capture_assignment_filter_space,64,106.208652,107.109102,103.259651,103.868876,2.901412,2142.834000,2149.037000,2123.945000,2125.926000,2536.056000,2526.445000
granular_reference_10_shifters,128,6.997612,7.014712,7.002562,7.010474,-0.005085,410.018000,411.278000,410.944000,413.851000,426.667000,426.500000
spectral_identity_focus_transition,128,20.879660,21.045222,20.463672,21.080285,0.908589,984.259000,988.519000,947.926000,1002.130000,1089.407000,1091.685000
spectral_pitch_bank_warp_focus,128,88.699264,88.705264,87.454902,87.545052,1.355419,2733.593000,2751.852000,2695.833000,2704.685000,2866.315000,2874.463000
spectral_pitch_bank_attack_warp_focus,128,85.537602,85.630227,84.247452,84.652602,1.324884,2591.185000,2614.333000,2559.148000,2561.444000,2868.037000,2863.778000
static_sound_path_filter_space_pan_attack,128,93.952001,94.001013,92.233788,92.642988,1.636705,2814.444000,2822.630000,2774.482000,2794.740000,2925.592000,2931.000000
expression_modes_filter_space_pan_attack,128,97.581625,97.854063,95.601326,95.869938,2.028506,3265.389000,3303.111000,3170.241000,3180.759000,3478.575000,3416.963000
freeze_gliss_capture_assignment_filter_space,128,106.042487,106.187874,103.808012,103.895350,2.133059,3232.981000,3241.648000,3155.445000,3163.704000,3567.611000,3514.000000
