block,control_value,amplitude,threshold,declared,onset,peak
rat,0,0.001,1e-10,26,11,26
rat,0,0.001,1e-07,26,17,26
rat,0,0.001,0.0001,26,26,26
big_cheese,0,0.001,1e-10,26,1,26
big_cheese,0,0.001,1e-07,26,5,26
big_cheese,0,0.001,0.0001,26,13,26
tape,0,0.001,1e-10,76,59,75
tape,0,0.001,1e-07,76,66,75
tape,0,0.001,0.0001,76,75,75
rat,0,0.01,1e-10,26,10,26
rat,0,0.01,1e-07,26,15,26
rat,0,0.01,0.0001,26,25,26
big_cheese,0,0.01,1e-10,26,1,26
big_cheese,0,0.01,1e-07,26,5,26
big_cheese,0,0.01,0.0001,26,13,26
tape,0,0.01,1e-10,76,57,75
tape,0,0.01,1e-07,76,66,75
tape,0,0.01,0.0001,76,74,75
rat,0,0.1,1e-10,26,8,26
rat,0,0.1,1e-07,26,13,26
rat,0,0.1,0.0001,26,20,26
big_cheese,0,0.1,1e-10,26,1,26
big_cheese,0,0.1,1e-07,26,5,26
big_cheese,0,0.1,0.0001,26,13,26
tape,0,0.1,1e-10,76,55,75
tape,0,0.1,1e-07,76,61,75
tape,0,0.1,0.0001,76,67,75
rat,0,1,1e-10,26,6,27
rat,0,1,1e-07,26,11,27
rat,0,1,0.0001,26,18,27
big_cheese,0,1,1e-10,26,1,26
big_cheese,0,1,1e-07,26,5,26
big_cheese,0,1,0.0001,26,11,26
tape,0,1,1e-10,76,54,75
tape,0,1,1e-07,76,59,75
tape,0,1,0.0001,76,66,75
rat,0.25,0.001,1e-10,26,9,27
rat,0.25,0.001,1e-07,26,13,27
rat,0.25,0.001,0.0001,26,25,27
big_cheese,0.25,0.001,1e-10,26,1,26
big_cheese,0.25,0.001,1e-07,26,5,26
big_cheese,0.25,0.001,0.0001,26,17,26
tape,0.25,0.001,1e-10,76,59,75
tape,0.25,0.001,1e-07,76,66,75
tape,0.25,0.001,0.0001,76,75,75
rat,0.25,0.01,1e-10,26,7,27
rat,0.25,0.01,1e-07,26,11,27
rat,0.25,0.01,0.0001,26,18,27
big_cheese,0.25,0.01,1e-10,26,1,26
big_cheese,0.25,0.01,1e-07,26,5,26
big_cheese,0.25,0.01,0.0001,26,15,26
tape,0.25,0.01,1e-10,76,57,75
tape,0.25,0.01,1e-07,76,66,75
tape,0.25,0.01,0.0001,76,74,75
rat,0.25,0.1,1e-10,26,7,33
rat,0.25,0.1,1e-07,26,11,33
rat,0.25,0.1,0.0001,26,16,33
big_cheese,0.25,0.1,1e-10,26,1,26
big_cheese,0.25,0.1,1e-07,26,5,26
big_cheese,0.25,0.1,0.0001,26,13,26
tape,0.25,0.1,1e-10,76,55,75
tape,0.25,0.1,1e-07,76,61,75
tape,0.25,0.1,0.0001,76,67,75
rat,0.25,1,1e-10,26,5,34
rat,0.25,1,1e-07,26,9,34
rat,0.25,1,0.0001,26,13,34
big_cheese,0.25,1,1e-10,26,1,26
big_cheese,0.25,1,1e-07,26,6,26
big_cheese,0.25,1,0.0001,26,11,26
tape,0.25,1,1e-10,76,54,75
tape,0.25,1,1e-07,76,59,75
tape,0.25,1,0.0001,76,66,75
rat,0.5,0.001,1e-10,26,9,28
rat,0.5,0.001,1e-07,26,13,28
rat,0.5,0.001,0.0001,26,26,28
big_cheese,0.5,0.001,1e-10,26,1,26
big_cheese,0.5,0.001,1e-07,26,7,26
big_cheese,0.5,0.001,0.0001,26,17,26
tape,0.5,0.001,1e-10,76,59,75
tape,0.5,0.001,1e-07,76,66,75
tape,0.5,0.001,0.0001,76,75,75
rat,0.5,0.01,1e-10,26,7,29
rat,0.5,0.01,1e-07,26,11,29
rat,0.5,0.01,0.0001,26,18,29
big_cheese,0.5,0.01,1e-10,26,1,26
big_cheese,0.5,0.01,1e-07,26,7,26
big_cheese,0.5,0.01,0.0001,26,15,26
tape,0.5,0.01,1e-10,76,57,75
tape,0.5,0.01,1e-07,76,66,75
tape,0.5,0.01,0.0001,76,74,75
rat,0.5,0.1,1e-10,26,7,39
rat,0.5,0.1,1e-07,26,11,39
rat,0.5,0.1,0.0001,26,15,39
big_cheese,0.5,0.1,1e-10,26,1,26
big_cheese,0.5,0.1,1e-07,26,7,26
big_cheese,0.5,0.1,0.0001,26,13,26
tape,0.5,0.1,1e-10,76,55,75
tape,0.5,0.1,1e-07,76,61,75
tape,0.5,0.1,0.0001,76,67,75
rat,0.5,1,1e-10,26,5,39
rat,0.5,1,1e-07,26,9,39
rat,0.5,1,0.0001,26,13,39
big_cheese,0.5,1,1e-10,26,1,26
big_cheese,0.5,1,1e-07,26,6,26
big_cheese,0.5,1,0.0001,26,11,26
tape,0.5,1,1e-10,76,54,75
tape,0.5,1,1e-07,76,59,75
tape,0.5,1,0.0001,76,66,75
rat,0.7,0.001,1e-10,26,9,29
rat,0.7,0.001,1e-07,26,13,29
rat,0.7,0.001,0.0001,26,26,29
big_cheese,0.7,0.001,1e-10,26,1,26
big_cheese,0.7,0.001,1e-07,26,5,26
big_cheese,0.7,0.001,0.0001,26,17,26
tape,0.7,0.001,1e-10,76,59,75
tape,0.7,0.001,1e-07,76,66,75
tape,0.7,0.001,0.0001,76,75,75
rat,0.7,0.01,1e-10,26,7,30
rat,0.7,0.01,1e-07,26,11,30
rat,0.7,0.01,0.0001,26,18,30
big_cheese,0.7,0.01,1e-10,26,1,26
big_cheese,0.7,0.01,1e-07,26,5,26
big_cheese,0.7,0.01,0.0001,26,15,26
tape,0.7,0.01,1e-10,76,57,75
tape,0.7,0.01,1e-07,76,66,75
tape,0.7,0.01,0.0001,76,74,75
rat,0.7,0.1,1e-10,26,7,46
rat,0.7,0.1,1e-07,26,11,46
rat,0.7,0.1,0.0001,26,15,46
big_cheese,0.7,0.1,1e-10,26,1,26
big_cheese,0.7,0.1,1e-07,26,5,26
big_cheese,0.7,0.1,0.0001,26,13,26
tape,0.7,0.1,1e-10,76,55,75
tape,0.7,0.1,1e-07,76,61,75
tape,0.7,0.1,0.0001,76,67,75
rat,0.7,1,1e-10,26,5,43
rat,0.7,1,1e-07,26,9,43
rat,0.7,1,0.0001,26,13,43
big_cheese,0.7,1,1e-10,26,1,26
big_cheese,0.7,1,1e-07,26,5,26
big_cheese,0.7,1,0.0001,26,11,26
tape,0.7,1,1e-10,76,54,75
tape,0.7,1,1e-07,76,59,75
tape,0.7,1,0.0001,76,66,75
rat,1,0.001,1e-10,26,9,31
rat,1,0.001,1e-07,26,13,31
rat,1,0.001,0.0001,26,23,31
big_cheese,1,0.001,1e-10,26,1,26
big_cheese,1,0.001,1e-07,26,5,26
big_cheese,1,0.001,0.0001,26,13,26
tape,1,0.001,1e-10,76,59,75
tape,1,0.001,1e-07,76,66,75
tape,1,0.001,0.0001,76,75,75
rat,1,0.01,1e-10,26,7,32
rat,1,0.01,1e-07,26,11,32
rat,1,0.01,0.0001,26,18,32
big_cheese,1,0.01,1e-10,26,1,26
big_cheese,1,0.01,1e-07,26,5,26
big_cheese,1,0.01,0.0001,26,13,26
tape,1,0.01,1e-10,76,57,75
tape,1,0.01,1e-07,76,66,75
tape,1,0.01,0.0001,76,74,75
rat,1,0.1,1e-10,26,7,55
rat,1,0.1,1e-07,26,11,55
rat,1,0.1,0.0001,26,15,55
big_cheese,1,0.1,1e-10,26,1,26
big_cheese,1,0.1,1e-07,26,5,26
big_cheese,1,0.1,0.0001,26,13,26
tape,1,0.1,1e-10,76,55,75
tape,1,0.1,1e-07,76,61,75
tape,1,0.1,0.0001,76,67,75
rat,1,1,1e-10,26,5,49
rat,1,1,1e-07,26,9,49
rat,1,1,0.0001,26,13,49
big_cheese,1,1,1e-10,26,1,26
big_cheese,1,1,1e-07,26,5,26
big_cheese,1,1,0.0001,26,11,26
tape,1,1,1e-10,76,54,75
tape,1,1,1e-07,76,59,75
tape,1,1,0.0001,76,66,75
