wet_relative_db,hz,unaligned_db,aligned_db
0,0,6.0206,6.0206
0,25,6.01798,6.0206
0,50,6.01013,6.0206
0,75,5.99703,6.0206
0,100,5.97867,6.0206
0,125,5.95503,6.0206
0,150,5.92608,6.0206
0,175,5.89177,6.0206
0,200,5.85208,6.0206
0,225,5.80694,6.0206
0,250,5.75631,6.0206
0,275,5.70012,6.0206
0,300,5.6383,6.0206
0,325,5.57076,6.0206
0,350,5.49741,6.0206
0,375,5.41817,6.0206
0,400,5.33291,6.0206
0,425,5.24152,6.0206
0,450,5.14387,6.0206
0,475,5.03981,6.0206
0,500,4.9292,6.0206
0,525,4.81185,6.0206
0,550,4.6876,6.0206
0,575,4.55623,6.0206
0,600,4.41753,6.0206
0,625,4.27126,6.0206
0,650,4.11716,6.0206
0,675,3.95494,6.0206
0,700,3.78431,6.0206
0,725,3.60491,6.0206
0,750,3.41639,6.0206
0,775,3.21833,6.0206
0,800,3.0103,6.0206
0,825,2.7918,6.0206
0,850,2.56228,6.0206
0,875,2.32116,6.0206
0,900,2.06777,6.0206
0,925,1.80137,6.0206
0,950,1.52114,6.0206
0,975,1.22616,6.0206
0,1000,0.915379,6.0206
0,1025,0.587637,6.0206
0,1050,0.241598,6.0206
0,1075,-0.124256,6.0206
0,1100,-0.511669,6.0206
0,1125,-0.922655,6.0206
0,1150,-1.35956,6.0206
0,1175,-1.82513,6.0206
0,1200,-2.32261,6.0206
0,1225,-2.85588,6.0206
0,1250,-3.42964,6.0206
0,1275,-4.04962,6.0206
0,1300,-4.72292,6.0206
0,1325,-5.45852,6.0206
0,1350,-6.26798,6.0206
0,1375,-7.1665,6.0206
0,1400,-8.17469,6.0206
0,1425,-9.32141,6.0206
0,1450,-10.649,6.0206
0,1475,-12.223,6.0206
0,1500,-14.1534,6.0206
0,1525,-16.646,6.0206
0,1550,-20.1635,6.0206
0,1575,-26.1815,6.0206
0,1600,-144.494,6.0206
0,1625,-26.1815,6.0206
0,1650,-20.1635,6.0206
0,1675,-16.646,6.0206
0,1700,-14.1534,6.0206
0,1725,-12.223,6.0206
0,1750,-10.649,6.0206
0,1775,-9.32141,6.0206
0,1800,-8.17469,6.0206
0,1825,-7.1665,6.0206
0,1850,-6.26798,6.0206
0,1875,-5.45852,6.0206
0,1900,-4.72292,6.0206
0,1925,-4.04962,6.0206
0,1950,-3.42964,6.0206
0,1975,-2.85588,6.0206
0,2000,-2.32261,6.0206
0,2025,-1.82513,6.0206
0,2050,-1.35956,6.0206
0,2075,-0.922655,6.0206
0,2100,-0.511669,6.0206
0,2125,-0.124256,6.0206
0,2150,0.241598,6.0206
0,2175,0.587637,6.0206
0,2200,0.915379,6.0206
0,2225,1.22616,6.0206
0,2250,1.52114,6.0206
0,2275,1.80137,6.0206
0,2300,2.06777,6.0206
0,2325,2.32116,6.0206
0,2350,2.56228,6.0206
0,2375,2.7918,6.0206
0,2400,3.0103,6.0206
0,2425,3.21833,6.0206
0,2450,3.41639,6.0206
0,2475,3.60491,6.0206
0,2500,3.78431,6.0206
0,2525,3.95494,6.0206
0,2550,4.11716,6.0206
0,2575,4.27126,6.0206
0,2600,4.41753,6.0206
0,2625,4.55623,6.0206
0,2650,4.6876,6.0206
0,2675,4.81185,6.0206
0,2700,4.9292,6.0206
0,2725,5.03981,6.0206
0,2750,5.14387,6.0206
0,2775,5.24152,6.0206
0,2800,5.33291,6.0206
0,2825,5.41817,6.0206
0,2850,5.49741,6.0206
0,2875,5.57076,6.0206
0,2900,5.6383,6.0206
0,2925,5.70012,6.0206
0,2950,5.75631,6.0206
0,2975,5.80694,6.0206
0,3000,5.85208,6.0206
0,3025,5.89177,6.0206
0,3050,5.92608,6.0206
0,3075,5.95503,6.0206
0,3100,5.97867,6.0206
0,3125,5.99703,6.0206
0,3150,6.01013,6.0206
0,3175,6.01798,6.0206
0,3200,6.0206,6.0206
0,3225,6.01798,6.0206
0,3250,6.01013,6.0206
0,3275,5.99703,6.0206
0,3300,5.97867,6.0206
0,3325,5.95503,6.0206
0,3350,5.92608,6.0206
0,3375,5.89177,6.0206
0,3400,5.85208,6.0206
0,3425,5.80694,6.0206
0,3450,5.75631,6.0206
0,3475,5.70012,6.0206
0,3500,5.6383,6.0206
0,3525,5.57076,6.0206
0,3550,5.49741,6.0206
0,3575,5.41817,6.0206
0,3600,5.33291,6.0206
0,3625,5.24152,6.0206
0,3650,5.14387,6.0206
0,3675,5.03981,6.0206
0,3700,4.9292,6.0206
0,3725,4.81185,6.0206
0,3750,4.6876,6.0206
0,3775,4.55623,6.0206
0,3800,4.41753,6.0206
0,3825,4.27126,6.0206
0,3850,4.11716,6.0206
0,3875,3.95494,6.0206
0,3900,3.78431,6.0206
0,3925,3.60491,6.0206
0,3950,3.41639,6.0206
0,3975,3.21833,6.0206
0,4000,3.0103,6.0206
0,4025,2.7918,6.0206
0,4050,2.56228,6.0206
0,4075,2.32116,6.0206
0,4100,2.06777,6.0206
0,4125,1.80137,6.0206
0,4150,1.52114,6.0206
0,4175,1.22616,6.0206
0,4200,0.915379,6.0206
0,4225,0.587637,6.0206
0,4250,0.241598,6.0206
0,4275,-0.124256,6.0206
0,4300,-0.511669,6.0206
0,4325,-0.922655,6.0206
0,4350,-1.35956,6.0206
0,4375,-1.82513,6.0206
0,4400,-2.32261,6.0206
0,4425,-2.85588,6.0206
0,4450,-3.42964,6.0206
0,4475,-4.04962,6.0206
0,4500,-4.72292,6.0206
0,4525,-5.45852,6.0206
0,4550,-6.26798,6.0206
0,4575,-7.1665,6.0206
0,4600,-8.17469,6.0206
0,4625,-9.32141,6.0206
0,4650,-10.649,6.0206
0,4675,-12.223,6.0206
0,4700,-14.1534,6.0206
0,4725,-16.646,6.0206
0,4750,-20.1635,6.0206
0,4775,-26.1815,6.0206
0,4800,-144.494,6.0206
0,4825,-26.1815,6.0206
0,4850,-20.1635,6.0206
0,4875,-16.646,6.0206
0,4900,-14.1534,6.0206
0,4925,-12.223,6.0206
0,4950,-10.649,6.0206
0,4975,-9.32141,6.0206
0,5000,-8.17469,6.0206
0,5025,-7.1665,6.0206
0,5050,-6.26798,6.0206
0,5075,-5.45852,6.0206
0,5100,-4.72292,6.0206
0,5125,-4.04962,6.0206
0,5150,-3.42964,6.0206
0,5175,-2.85588,6.0206
0,5200,-2.32261,6.0206
0,5225,-1.82513,6.0206
0,5250,-1.35956,6.0206
0,5275,-0.922655,6.0206
0,5300,-0.511669,6.0206
0,5325,-0.124256,6.0206
0,5350,0.241598,6.0206
0,5375,0.587637,6.0206
0,5400,0.915379,6.0206
0,5425,1.22616,6.0206
0,5450,1.52114,6.0206
0,5475,1.80137,6.0206
0,5500,2.06777,6.0206
0,5525,2.32116,6.0206
0,5550,2.56228,6.0206
0,5575,2.7918,6.0206
0,5600,3.0103,6.0206
0,5625,3.21833,6.0206
0,5650,3.41639,6.0206
0,5675,3.60491,6.0206
0,5700,3.78431,6.0206
0,5725,3.95494,6.0206
0,5750,4.11716,6.0206
0,5775,4.27126,6.0206
0,5800,4.41753,6.0206
0,5825,4.55623,6.0206
0,5850,4.6876,6.0206
0,5875,4.81185,6.0206
0,5900,4.9292,6.0206
0,5925,5.03981,6.0206
0,5950,5.14387,6.0206
0,5975,5.24152,6.0206
0,6000,5.33291,6.0206
0,6025,5.41817,6.0206
0,6050,5.49741,6.0206
0,6075,5.57076,6.0206
0,6100,5.6383,6.0206
0,6125,5.70012,6.0206
0,6150,5.75631,6.0206
0,6175,5.80694,6.0206
0,6200,5.85208,6.0206
0,6225,5.89177,6.0206
0,6250,5.92608,6.0206
0,6275,5.95503,6.0206
0,6300,5.97867,6.0206
0,6325,5.99703,6.0206
0,6350,6.01013,6.0206
0,6375,6.01798,6.0206
0,6400,6.0206,6.0206
0,6425,6.01798,6.0206
0,6450,6.01013,6.0206
0,6475,5.99703,6.0206
0,6500,5.97867,6.0206
0,6525,5.95503,6.0206
0,6550,5.92608,6.0206
0,6575,5.89177,6.0206
0,6600,5.85208,6.0206
0,6625,5.80694,6.0206
0,6650,5.75631,6.0206
0,6675,5.70012,6.0206
0,6700,5.6383,6.0206
0,6725,5.57076,6.0206
0,6750,5.49741,6.0206
0,6775,5.41817,6.0206
0,6800,5.33291,6.0206
0,6825,5.24152,6.0206
0,6850,5.14387,6.0206
0,6875,5.03981,6.0206
0,6900,4.9292,6.0206
0,6925,4.81185,6.0206
0,6950,4.6876,6.0206
0,6975,4.55623,6.0206
0,7000,4.41753,6.0206
0,7025,4.27126,6.0206
0,7050,4.11716,6.0206
0,7075,3.95494,6.0206
0,7100,3.78431,6.0206
0,7125,3.60491,6.0206
0,7150,3.41639,6.0206
0,7175,3.21833,6.0206
0,7200,3.0103,6.0206
0,7225,2.7918,6.0206
0,7250,2.56228,6.0206
0,7275,2.32116,6.0206
0,7300,2.06777,6.0206
0,7325,1.80137,6.0206
0,7350,1.52114,6.0206
0,7375,1.22616,6.0206
0,7400,0.915379,6.0206
0,7425,0.587637,6.0206
0,7450,0.241598,6.0206
0,7475,-0.124256,6.0206
0,7500,-0.511669,6.0206
0,7525,-0.922655,6.0206
0,7550,-1.35956,6.0206
0,7575,-1.82513,6.0206
0,7600,-2.32261,6.0206
0,7625,-2.85588,6.0206
0,7650,-3.42964,6.0206
0,7675,-4.04962,6.0206
0,7700,-4.72292,6.0206
0,7725,-5.45852,6.0206
0,7750,-6.26798,6.0206
0,7775,-7.1665,6.0206
0,7800,-8.17469,6.0206
0,7825,-9.32141,6.0206
0,7850,-10.649,6.0206
0,7875,-12.223,6.0206
0,7900,-14.1534,6.0206
0,7925,-16.646,6.0206
0,7950,-20.1635,6.0206
0,7975,-26.1815,6.0206
0,8000,-144.494,6.0206
0,8025,-26.1815,6.0206
0,8050,-20.1635,6.0206
0,8075,-16.646,6.0206
0,8100,-14.1534,6.0206
0,8125,-12.223,6.0206
0,8150,-10.649,6.0206
0,8175,-9.32141,6.0206
0,8200,-8.17469,6.0206
0,8225,-7.1665,6.0206
0,8250,-6.26798,6.0206
0,8275,-5.45852,6.0206
0,8300,-4.72292,6.0206
0,8325,-4.04962,6.0206
0,8350,-3.42964,6.0206
0,8375,-2.85588,6.0206
0,8400,-2.32261,6.0206
0,8425,-1.82513,6.0206
0,8450,-1.35956,6.0206
0,8475,-0.922655,6.0206
0,8500,-0.511669,6.0206
0,8525,-0.124256,6.0206
0,8550,0.241598,6.0206
0,8575,0.587637,6.0206
0,8600,0.915379,6.0206
0,8625,1.22616,6.0206
0,8650,1.52114,6.0206
0,8675,1.80137,6.0206
0,8700,2.06777,6.0206
0,8725,2.32116,6.0206
0,8750,2.56228,6.0206
0,8775,2.7918,6.0206
0,8800,3.0103,6.0206
0,8825,3.21833,6.0206
0,8850,3.41639,6.0206
0,8875,3.60491,6.0206
0,8900,3.78431,6.0206
0,8925,3.95494,6.0206
0,8950,4.11716,6.0206
0,8975,4.27126,6.0206
0,9000,4.41753,6.0206
0,9025,4.55623,6.0206
0,9050,4.6876,6.0206
0,9075,4.81185,6.0206
0,9100,4.9292,6.0206
0,9125,5.03981,6.0206
0,9150,5.14387,6.0206
0,9175,5.24152,6.0206
0,9200,5.33291,6.0206
0,9225,5.41817,6.0206
0,9250,5.49741,6.0206
0,9275,5.57076,6.0206
0,9300,5.6383,6.0206
0,9325,5.70012,6.0206
0,9350,5.75631,6.0206
0,9375,5.80694,6.0206
0,9400,5.85208,6.0206
0,9425,5.89177,6.0206
0,9450,5.92608,6.0206
0,9475,5.95503,6.0206
0,9500,5.97867,6.0206
0,9525,5.99703,6.0206
0,9550,6.01013,6.0206
0,9575,6.01798,6.0206
0,9600,6.0206,6.0206
0,9625,6.01798,6.0206
0,9650,6.01013,6.0206
0,9675,5.99703,6.0206
0,9700,5.97867,6.0206
0,9725,5.95503,6.0206
0,9750,5.92608,6.0206
0,9775,5.89177,6.0206
0,9800,5.85208,6.0206
0,9825,5.80694,6.0206
0,9850,5.75631,6.0206
0,9875,5.70012,6.0206
0,9900,5.6383,6.0206
0,9925,5.57076,6.0206
0,9950,5.49741,6.0206
0,9975,5.41817,6.0206
0,10000,5.33291,6.0206
0,10025,5.24152,6.0206
0,10050,5.14387,6.0206
0,10075,5.03981,6.0206
0,10100,4.9292,6.0206
0,10125,4.81185,6.0206
0,10150,4.6876,6.0206
0,10175,4.55623,6.0206
0,10200,4.41753,6.0206
0,10225,4.27126,6.0206
0,10250,4.11716,6.0206
0,10275,3.95494,6.0206
0,10300,3.78431,6.0206
0,10325,3.60491,6.0206
0,10350,3.41639,6.0206
0,10375,3.21833,6.0206
0,10400,3.0103,6.0206
0,10425,2.7918,6.0206
0,10450,2.56228,6.0206
0,10475,2.32116,6.0206
0,10500,2.06777,6.0206
0,10525,1.80137,6.0206
0,10550,1.52114,6.0206
0,10575,1.22616,6.0206
0,10600,0.915379,6.0206
0,10625,0.587637,6.0206
0,10650,0.241598,6.0206
0,10675,-0.124256,6.0206
0,10700,-0.511669,6.0206
0,10725,-0.922655,6.0206
0,10750,-1.35956,6.0206
0,10775,-1.82513,6.0206
0,10800,-2.32261,6.0206
0,10825,-2.85588,6.0206
0,10850,-3.42964,6.0206
0,10875,-4.04962,6.0206
0,10900,-4.72292,6.0206
0,10925,-5.45852,6.0206
0,10950,-6.26798,6.0206
0,10975,-7.1665,6.0206
0,11000,-8.17469,6.0206
0,11025,-9.32141,6.0206
0,11050,-10.649,6.0206
0,11075,-12.223,6.0206
0,11100,-14.1534,6.0206
0,11125,-16.646,6.0206
0,11150,-20.1635,6.0206
0,11175,-26.1815,6.0206
0,11200,-144.494,6.0206
0,11225,-26.1815,6.0206
0,11250,-20.1635,6.0206
0,11275,-16.646,6.0206
0,11300,-14.1534,6.0206
0,11325,-12.223,6.0206
0,11350,-10.649,6.0206
0,11375,-9.32141,6.0206
0,11400,-8.17469,6.0206
0,11425,-7.1665,6.0206
0,11450,-6.26798,6.0206
0,11475,-5.45852,6.0206
0,11500,-4.72292,6.0206
0,11525,-4.04962,6.0206
0,11550,-3.42964,6.0206
0,11575,-2.85588,6.0206
0,11600,-2.32261,6.0206
0,11625,-1.82513,6.0206
0,11650,-1.35956,6.0206
0,11675,-0.922655,6.0206
0,11700,-0.511669,6.0206
0,11725,-0.124256,6.0206
0,11750,0.241598,6.0206
0,11775,0.587637,6.0206
0,11800,0.915379,6.0206
0,11825,1.22616,6.0206
0,11850,1.52114,6.0206
0,11875,1.80137,6.0206
0,11900,2.06777,6.0206
0,11925,2.32116,6.0206
0,11950,2.56228,6.0206
0,11975,2.7918,6.0206
0,12000,3.0103,6.0206
0,12025,3.21833,6.0206
0,12050,3.41639,6.0206
0,12075,3.60491,6.0206
0,12100,3.78431,6.0206
0,12125,3.95494,6.0206
0,12150,4.11716,6.0206
0,12175,4.27126,6.0206
0,12200,4.41753,6.0206
0,12225,4.55623,6.0206
0,12250,4.6876,6.0206
0,12275,4.81185,6.0206
0,12300,4.9292,6.0206
0,12325,5.03981,6.0206
0,12350,5.14387,6.0206
0,12375,5.24152,6.0206
0,12400,5.33291,6.0206
0,12425,5.41817,6.0206
0,12450,5.49741,6.0206
0,12475,5.57076,6.0206
0,12500,5.6383,6.0206
0,12525,5.70012,6.0206
0,12550,5.75631,6.0206
0,12575,5.80694,6.0206
0,12600,5.85208,6.0206
0,12625,5.89177,6.0206
0,12650,5.92608,6.0206
0,12675,5.95503,6.0206
0,12700,5.97867,6.0206
0,12725,5.99703,6.0206
0,12750,6.01013,6.0206
0,12775,6.01798,6.0206
0,12800,6.0206,6.0206
0,12825,6.01798,6.0206
0,12850,6.01013,6.0206
0,12875,5.99703,6.0206
0,12900,5.97867,6.0206
0,12925,5.95503,6.0206
0,12950,5.92608,6.0206
0,12975,5.89177,6.0206
0,13000,5.85208,6.0206
0,13025,5.80694,6.0206
0,13050,5.75631,6.0206
0,13075,5.70012,6.0206
0,13100,5.6383,6.0206
0,13125,5.57076,6.0206
0,13150,5.49741,6.0206
0,13175,5.41817,6.0206
0,13200,5.33291,6.0206
0,13225,5.24152,6.0206
0,13250,5.14387,6.0206
0,13275,5.03981,6.0206
0,13300,4.9292,6.0206
0,13325,4.81185,6.0206
0,13350,4.6876,6.0206
0,13375,4.55623,6.0206
0,13400,4.41753,6.0206
0,13425,4.27126,6.0206
0,13450,4.11716,6.0206
0,13475,3.95494,6.0206
0,13500,3.78431,6.0206
0,13525,3.60491,6.0206
0,13550,3.41639,6.0206
0,13575,3.21833,6.0206
0,13600,3.0103,6.0206
0,13625,2.7918,6.0206
0,13650,2.56228,6.0206
0,13675,2.32116,6.0206
0,13700,2.06777,6.0206
0,13725,1.80137,6.0206
0,13750,1.52114,6.0206
0,13775,1.22616,6.0206
0,13800,0.915379,6.0206
0,13825,0.587637,6.0206
0,13850,0.241598,6.0206
0,13875,-0.124256,6.0206
0,13900,-0.511669,6.0206
0,13925,-0.922655,6.0206
0,13950,-1.35956,6.0206
0,13975,-1.82513,6.0206
0,14000,-2.32261,6.0206
0,14025,-2.85588,6.0206
0,14050,-3.42964,6.0206
0,14075,-4.04962,6.0206
0,14100,-4.72292,6.0206
0,14125,-5.45852,6.0206
0,14150,-6.26798,6.0206
0,14175,-7.1665,6.0206
0,14200,-8.17469,6.0206
0,14225,-9.32141,6.0206
0,14250,-10.649,6.0206
0,14275,-12.223,6.0206
0,14300,-14.1534,6.0206
0,14325,-16.646,6.0206
0,14350,-20.1635,6.0206
0,14375,-26.1815,6.0206
0,14400,-144.494,6.0206
0,14425,-26.1815,6.0206
0,14450,-20.1635,6.0206
0,14475,-16.646,6.0206
0,14500,-14.1534,6.0206
0,14525,-12.223,6.0206
0,14550,-10.649,6.0206
0,14575,-9.32141,6.0206
0,14600,-8.17469,6.0206
0,14625,-7.1665,6.0206
0,14650,-6.26798,6.0206
0,14675,-5.45852,6.0206
0,14700,-4.72292,6.0206
0,14725,-4.04962,6.0206
0,14750,-3.42964,6.0206
0,14775,-2.85588,6.0206
0,14800,-2.32261,6.0206
0,14825,-1.82513,6.0206
0,14850,-1.35956,6.0206
0,14875,-0.922655,6.0206
0,14900,-0.511669,6.0206
0,14925,-0.124256,6.0206
0,14950,0.241598,6.0206
0,14975,0.587637,6.0206
0,15000,0.915379,6.0206
0,15025,1.22616,6.0206
0,15050,1.52114,6.0206
0,15075,1.80137,6.0206
0,15100,2.06777,6.0206
0,15125,2.32116,6.0206
0,15150,2.56228,6.0206
0,15175,2.7918,6.0206
0,15200,3.0103,6.0206
0,15225,3.21833,6.0206
0,15250,3.41639,6.0206
0,15275,3.60491,6.0206
0,15300,3.78431,6.0206
0,15325,3.95494,6.0206
0,15350,4.11716,6.0206
0,15375,4.27126,6.0206
0,15400,4.41753,6.0206
0,15425,4.55623,6.0206
0,15450,4.6876,6.0206
0,15475,4.81185,6.0206
0,15500,4.9292,6.0206
0,15525,5.03981,6.0206
0,15550,5.14387,6.0206
0,15575,5.24152,6.0206
0,15600,5.33291,6.0206
0,15625,5.41817,6.0206
0,15650,5.49741,6.0206
0,15675,5.57076,6.0206
0,15700,5.6383,6.0206
0,15725,5.70012,6.0206
0,15750,5.75631,6.0206
0,15775,5.80694,6.0206
0,15800,5.85208,6.0206
0,15825,5.89177,6.0206
0,15850,5.92608,6.0206
0,15875,5.95503,6.0206
0,15900,5.97867,6.0206
0,15925,5.99703,6.0206
0,15950,6.01013,6.0206
0,15975,6.01798,6.0206
0,16000,6.0206,6.0206
0,16025,6.01798,6.0206
0,16050,6.01013,6.0206
0,16075,5.99703,6.0206
0,16100,5.97867,6.0206
0,16125,5.95503,6.0206
0,16150,5.92608,6.0206
0,16175,5.89177,6.0206
0,16200,5.85208,6.0206
0,16225,5.80694,6.0206
0,16250,5.75631,6.0206
0,16275,5.70012,6.0206
0,16300,5.6383,6.0206
0,16325,5.57076,6.0206
0,16350,5.49741,6.0206
0,16375,5.41817,6.0206
0,16400,5.33291,6.0206
0,16425,5.24152,6.0206
0,16450,5.14387,6.0206
0,16475,5.03981,6.0206
0,16500,4.9292,6.0206
0,16525,4.81185,6.0206
0,16550,4.6876,6.0206
0,16575,4.55623,6.0206
0,16600,4.41753,6.0206
0,16625,4.27126,6.0206
0,16650,4.11716,6.0206
0,16675,3.95494,6.0206
0,16700,3.78431,6.0206
0,16725,3.60491,6.0206
0,16750,3.41639,6.0206
0,16775,3.21833,6.0206
0,16800,3.0103,6.0206
0,16825,2.7918,6.0206
0,16850,2.56228,6.0206
0,16875,2.32116,6.0206
0,16900,2.06777,6.0206
0,16925,1.80137,6.0206
0,16950,1.52114,6.0206
0,16975,1.22616,6.0206
0,17000,0.915379,6.0206
0,17025,0.587637,6.0206
0,17050,0.241598,6.0206
0,17075,-0.124256,6.0206
0,17100,-0.511669,6.0206
0,17125,-0.922655,6.0206
0,17150,-1.35956,6.0206
0,17175,-1.82513,6.0206
0,17200,-2.32261,6.0206
0,17225,-2.85588,6.0206
0,17250,-3.42964,6.0206
0,17275,-4.04962,6.0206
0,17300,-4.72292,6.0206
0,17325,-5.45852,6.0206
0,17350,-6.26798,6.0206
0,17375,-7.1665,6.0206
0,17400,-8.17469,6.0206
0,17425,-9.32141,6.0206
0,17450,-10.649,6.0206
0,17475,-12.223,6.0206
0,17500,-14.1534,6.0206
0,17525,-16.646,6.0206
0,17550,-20.1635,6.0206
0,17575,-26.1815,6.0206
0,17600,-144.494,6.0206
0,17625,-26.1815,6.0206
0,17650,-20.1635,6.0206
0,17675,-16.646,6.0206
0,17700,-14.1534,6.0206
0,17725,-12.223,6.0206
0,17750,-10.649,6.0206
0,17775,-9.32141,6.0206
0,17800,-8.17469,6.0206
0,17825,-7.1665,6.0206
0,17850,-6.26798,6.0206
0,17875,-5.45852,6.0206
0,17900,-4.72292,6.0206
0,17925,-4.04962,6.0206
0,17950,-3.42964,6.0206
0,17975,-2.85588,6.0206
0,18000,-2.32261,6.0206
0,18025,-1.82513,6.0206
0,18050,-1.35956,6.0206
0,18075,-0.922655,6.0206
0,18100,-0.511669,6.0206
0,18125,-0.124256,6.0206
0,18150,0.241598,6.0206
0,18175,0.587637,6.0206
0,18200,0.915379,6.0206
0,18225,1.22616,6.0206
0,18250,1.52114,6.0206
0,18275,1.80137,6.0206
0,18300,2.06777,6.0206
0,18325,2.32116,6.0206
0,18350,2.56228,6.0206
0,18375,2.7918,6.0206
0,18400,3.0103,6.0206
0,18425,3.21833,6.0206
0,18450,3.41639,6.0206
0,18475,3.60491,6.0206
0,18500,3.78431,6.0206
0,18525,3.95494,6.0206
0,18550,4.11716,6.0206
0,18575,4.27126,6.0206
0,18600,4.41753,6.0206
0,18625,4.55623,6.0206
0,18650,4.6876,6.0206
0,18675,4.81185,6.0206
0,18700,4.9292,6.0206
0,18725,5.03981,6.0206
0,18750,5.14387,6.0206
0,18775,5.24152,6.0206
0,18800,5.33291,6.0206
0,18825,5.41817,6.0206
0,18850,5.49741,6.0206
0,18875,5.57076,6.0206
0,18900,5.6383,6.0206
0,18925,5.70012,6.0206
0,18950,5.75631,6.0206
0,18975,5.80694,6.0206
0,19000,5.85208,6.0206
0,19025,5.89177,6.0206
0,19050,5.92608,6.0206
0,19075,5.95503,6.0206
0,19100,5.97867,6.0206
0,19125,5.99703,6.0206
0,19150,6.01013,6.0206
0,19175,6.01798,6.0206
0,19200,6.0206,6.0206
0,19225,6.01798,6.0206
0,19250,6.01013,6.0206
0,19275,5.99703,6.0206
0,19300,5.97867,6.0206
0,19325,5.95503,6.0206
0,19350,5.92608,6.0206
0,19375,5.89177,6.0206
0,19400,5.85208,6.0206
0,19425,5.80694,6.0206
0,19450,5.75631,6.0206
0,19475,5.70012,6.0206
0,19500,5.6383,6.0206
0,19525,5.57076,6.0206
0,19550,5.49741,6.0206
0,19575,5.41817,6.0206
0,19600,5.33291,6.0206
0,19625,5.24152,6.0206
0,19650,5.14387,6.0206
0,19675,5.03981,6.0206
0,19700,4.9292,6.0206
0,19725,4.81185,6.0206
0,19750,4.6876,6.0206
0,19775,4.55623,6.0206
0,19800,4.41753,6.0206
0,19825,4.27126,6.0206
0,19850,4.11716,6.0206
0,19875,3.95494,6.0206
0,19900,3.78431,6.0206
0,19925,3.60491,6.0206
0,19950,3.41639,6.0206
0,19975,3.21833,6.0206
0,20000,3.0103,6.0206
-10,0,2.38662,2.38662
-10,25,2.38471,2.38662
-10,50,2.37898,2.38662
-10,75,2.36943,2.38662
-10,100,2.35605,2.38662
-10,125,2.33884,2.38662
-10,150,2.31781,2.38662
-10,175,2.29294,2.38662
-10,200,2.26423,2.38662
-10,225,2.23167,2.38662
-10,250,2.19526,2.38662
-10,275,2.15499,2.38662
-10,300,2.11085,2.38662
-10,325,2.06284,2.38662
-10,350,2.01095,2.38662
-10,375,1.95517,2.38662
-10,400,1.8955,2.38662
-10,425,1.83193,2.38662
-10,450,1.76446,2.38662
-10,475,1.69308,2.38662
-10,500,1.61779,2.38662
-10,525,1.5386,2.38662
-10,550,1.4555,2.38662
-10,575,1.3685,2.38662
-10,600,1.27762,2.38662
-10,625,1.18287,2.38662
-10,650,1.08427,2.38662
-10,675,0.981846,2.38662
-10,700,0.875634,2.38662
-10,725,0.765678,2.38662
-10,750,0.652029,2.38662
-10,775,0.534753,2.38662
-10,800,0.413926,2.38662
-10,825,0.289642,2.38662
-10,850,0.162009,2.38662
-10,875,0.0311545,2.38662
-10,900,-0.102771,2.38662
-10,925,-0.239594,2.38662
-10,950,-0.379113,2.38662
-10,975,-0.521097,2.38662
-10,1000,-0.665281,2.38662
-10,1025,-0.811363,2.38662
-10,1050,-0.959001,2.38662
-10,1075,-1.10781,2.38662
-10,1100,-1.25735,2.38662
-10,1125,-1.40714,2.38662
-10,1150,-1.55663,2.38662
-10,1175,-1.70523,2.38662
-10,1200,-1.85229,2.38662
-10,1225,-1.99708,2.38662
-10,1250,-2.13884,2.38662
-10,1275,-2.27673,2.38662
-10,1300,-2.40988,2.38662
-10,1325,-2.53736,2.38662
-10,1350,-2.65821,2.38662
-10,1375,-2.77147,2.38662
-10,1400,-2.87614,2.38662
-10,1425,-2.97126,2.38662
-10,1450,-3.0559,2.38662
-10,1475,-3.12919,2.38662
-10,1500,-3.19033,2.38662
-10,1525,-3.23865,2.38662
-10,1550,-3.27357,2.38662
-10,1575,-3.2947,2.38662
-10,1600,-3.30177,2.38662
-10,1625,-3.2947,2.38662
-10,1650,-3.27357,2.38662
-10,1675,-3.23865,2.38662
-10,1700,-3.19033,2.38662
-10,1725,-3.12919,2.38662
-10,1750,-3.0559,2.38662
-10,1775,-2.97126,2.38662
-10,1800,-2.87614,2.38662
-10,1825,-2.77147,2.38662
-10,1850,-2.65821,2.38662
-10,1875,-2.53736,2.38662
-10,1900,-2.40988,2.38662
-10,1925,-2.27673,2.38662
-10,1950,-2.13884,2.38662
-10,1975,-1.99708,2.38662
-10,2000,-1.85229,2.38662
-10,2025,-1.70523,2.38662
-10,2050,-1.55663,2.38662
-10,2075,-1.40714,2.38662
-10,2100,-1.25735,2.38662
-10,2125,-1.10781,2.38662
-10,2150,-0.959001,2.38662
-10,2175,-0.811363,2.38662
-10,2200,-0.665281,2.38662
-10,2225,-0.521097,2.38662
-10,2250,-0.379113,2.38662
-10,2275,-0.239594,2.38662
-10,2300,-0.102771,2.38662
-10,2325,0.0311545,2.38662
-10,2350,0.162009,2.38662
-10,2375,0.289642,2.38662
-10,2400,0.413926,2.38662
-10,2425,0.534753,2.38662
-10,2450,0.652029,2.38662
-10,2475,0.765678,2.38662
-10,2500,0.875634,2.38662
-10,2525,0.981846,2.38662
-10,2550,1.08427,2.38662
-10,2575,1.18287,2.38662
-10,2600,1.27762,2.38662
-10,2625,1.3685,2.38662
-10,2650,1.4555,2.38662
-10,2675,1.5386,2.38662
-10,2700,1.61779,2.38662
-10,2725,1.69308,2.38662
-10,2750,1.76446,2.38662
-10,2775,1.83193,2.38662
-10,2800,1.8955,2.38662
-10,2825,1.95517,2.38662
-10,2850,2.01095,2.38662
-10,2875,2.06284,2.38662
-10,2900,2.11085,2.38662
-10,2925,2.15499,2.38662
-10,2950,2.19526,2.38662
-10,2975,2.23167,2.38662
-10,3000,2.26423,2.38662
-10,3025,2.29294,2.38662
-10,3050,2.31781,2.38662
-10,3075,2.33884,2.38662
-10,3100,2.35605,2.38662
-10,3125,2.36943,2.38662
-10,3150,2.37898,2.38662
-10,3175,2.38471,2.38662
-10,3200,2.38662,2.38662
-10,3225,2.38471,2.38662
-10,3250,2.37898,2.38662
-10,3275,2.36943,2.38662
-10,3300,2.35605,2.38662
-10,3325,2.33884,2.38662
-10,3350,2.31781,2.38662
-10,3375,2.29294,2.38662
-10,3400,2.26423,2.38662
-10,3425,2.23167,2.38662
-10,3450,2.19526,2.38662
-10,3475,2.15499,2.38662
-10,3500,2.11085,2.38662
-10,3525,2.06284,2.38662
-10,3550,2.01095,2.38662
-10,3575,1.95517,2.38662
-10,3600,1.8955,2.38662
-10,3625,1.83193,2.38662
-10,3650,1.76446,2.38662
-10,3675,1.69308,2.38662
-10,3700,1.61779,2.38662
-10,3725,1.5386,2.38662
-10,3750,1.4555,2.38662
-10,3775,1.3685,2.38662
-10,3800,1.27762,2.38662
-10,3825,1.18287,2.38662
-10,3850,1.08427,2.38662
-10,3875,0.981846,2.38662
-10,3900,0.875634,2.38662
-10,3925,0.765678,2.38662
-10,3950,0.652029,2.38662
-10,3975,0.534753,2.38662
-10,4000,0.413926,2.38662
-10,4025,0.289642,2.38662
-10,4050,0.162009,2.38662
-10,4075,0.0311545,2.38662
-10,4100,-0.102771,2.38662
-10,4125,-0.239594,2.38662
-10,4150,-0.379113,2.38662
-10,4175,-0.521097,2.38662
-10,4200,-0.665281,2.38662
-10,4225,-0.811363,2.38662
-10,4250,-0.959001,2.38662
-10,4275,-1.10781,2.38662
-10,4300,-1.25735,2.38662
-10,4325,-1.40714,2.38662
-10,4350,-1.55663,2.38662
-10,4375,-1.70523,2.38662
-10,4400,-1.85229,2.38662
-10,4425,-1.99708,2.38662
-10,4450,-2.13884,2.38662
-10,4475,-2.27673,2.38662
-10,4500,-2.40988,2.38662
-10,4525,-2.53736,2.38662
-10,4550,-2.65821,2.38662
-10,4575,-2.77147,2.38662
-10,4600,-2.87614,2.38662
-10,4625,-2.97126,2.38662
-10,4650,-3.0559,2.38662
-10,4675,-3.12919,2.38662
-10,4700,-3.19033,2.38662
-10,4725,-3.23865,2.38662
-10,4750,-3.27357,2.38662
-10,4775,-3.2947,2.38662
-10,4800,-3.30177,2.38662
-10,4825,-3.2947,2.38662
-10,4850,-3.27357,2.38662
-10,4875,-3.23865,2.38662
-10,4900,-3.19033,2.38662
-10,4925,-3.12919,2.38662
-10,4950,-3.0559,2.38662
-10,4975,-2.97126,2.38662
-10,5000,-2.87614,2.38662
-10,5025,-2.77147,2.38662
-10,5050,-2.65821,2.38662
-10,5075,-2.53736,2.38662
-10,5100,-2.40988,2.38662
-10,5125,-2.27673,2.38662
-10,5150,-2.13884,2.38662
-10,5175,-1.99708,2.38662
-10,5200,-1.85229,2.38662
-10,5225,-1.70523,2.38662
-10,5250,-1.55663,2.38662
-10,5275,-1.40714,2.38662
-10,5300,-1.25735,2.38662
-10,5325,-1.10781,2.38662
-10,5350,-0.959001,2.38662
-10,5375,-0.811363,2.38662
-10,5400,-0.665281,2.38662
-10,5425,-0.521097,2.38662
-10,5450,-0.379113,2.38662
-10,5475,-0.239594,2.38662
-10,5500,-0.102771,2.38662
-10,5525,0.0311545,2.38662
-10,5550,0.162009,2.38662
-10,5575,0.289642,2.38662
-10,5600,0.413926,2.38662
-10,5625,0.534753,2.38662
-10,5650,0.652029,2.38662
-10,5675,0.765678,2.38662
-10,5700,0.875634,2.38662
-10,5725,0.981846,2.38662
-10,5750,1.08427,2.38662
-10,5775,1.18287,2.38662
-10,5800,1.27762,2.38662
-10,5825,1.3685,2.38662
-10,5850,1.4555,2.38662
-10,5875,1.5386,2.38662
-10,5900,1.61779,2.38662
-10,5925,1.69308,2.38662
-10,5950,1.76446,2.38662
-10,5975,1.83193,2.38662
-10,6000,1.8955,2.38662
-10,6025,1.95517,2.38662
-10,6050,2.01095,2.38662
-10,6075,2.06284,2.38662
-10,6100,2.11085,2.38662
-10,6125,2.15499,2.38662
-10,6150,2.19526,2.38662
-10,6175,2.23167,2.38662
-10,6200,2.26423,2.38662
-10,6225,2.29294,2.38662
-10,6250,2.31781,2.38662
-10,6275,2.33884,2.38662
-10,6300,2.35605,2.38662
-10,6325,2.36943,2.38662
-10,6350,2.37898,2.38662
-10,6375,2.38471,2.38662
-10,6400,2.38662,2.38662
-10,6425,2.38471,2.38662
-10,6450,2.37898,2.38662
-10,6475,2.36943,2.38662
-10,6500,2.35605,2.38662
-10,6525,2.33884,2.38662
-10,6550,2.31781,2.38662
-10,6575,2.29294,2.38662
-10,6600,2.26423,2.38662
-10,6625,2.23167,2.38662
-10,6650,2.19526,2.38662
-10,6675,2.15499,2.38662
-10,6700,2.11085,2.38662
-10,6725,2.06284,2.38662
-10,6750,2.01095,2.38662
-10,6775,1.95517,2.38662
-10,6800,1.8955,2.38662
-10,6825,1.83193,2.38662
-10,6850,1.76446,2.38662
-10,6875,1.69308,2.38662
-10,6900,1.61779,2.38662
-10,6925,1.5386,2.38662
-10,6950,1.4555,2.38662
-10,6975,1.3685,2.38662
-10,7000,1.27762,2.38662
-10,7025,1.18287,2.38662
-10,7050,1.08427,2.38662
-10,7075,0.981846,2.38662
-10,7100,0.875634,2.38662
-10,7125,0.765678,2.38662
-10,7150,0.652029,2.38662
-10,7175,0.534753,2.38662
-10,7200,0.413926,2.38662
-10,7225,0.289642,2.38662
-10,7250,0.162009,2.38662
-10,7275,0.0311545,2.38662
-10,7300,-0.102771,2.38662
-10,7325,-0.239594,2.38662
-10,7350,-0.379113,2.38662
-10,7375,-0.521097,2.38662
-10,7400,-0.665281,2.38662
-10,7425,-0.811363,2.38662
-10,7450,-0.959001,2.38662
-10,7475,-1.10781,2.38662
-10,7500,-1.25735,2.38662
-10,7525,-1.40714,2.38662
-10,7550,-1.55663,2.38662
-10,7575,-1.70523,2.38662
-10,7600,-1.85229,2.38662
-10,7625,-1.99708,2.38662
-10,7650,-2.13884,2.38662
-10,7675,-2.27673,2.38662
-10,7700,-2.40988,2.38662
-10,7725,-2.53736,2.38662
-10,7750,-2.65821,2.38662
-10,7775,-2.77147,2.38662
-10,7800,-2.87614,2.38662
-10,7825,-2.97126,2.38662
-10,7850,-3.0559,2.38662
-10,7875,-3.12919,2.38662
-10,7900,-3.19033,2.38662
-10,7925,-3.23865,2.38662
-10,7950,-3.27357,2.38662
-10,7975,-3.2947,2.38662
-10,8000,-3.30177,2.38662
-10,8025,-3.2947,2.38662
-10,8050,-3.27357,2.38662
-10,8075,-3.23865,2.38662
-10,8100,-3.19033,2.38662
-10,8125,-3.12919,2.38662
-10,8150,-3.0559,2.38662
-10,8175,-2.97126,2.38662
-10,8200,-2.87614,2.38662
-10,8225,-2.77147,2.38662
-10,8250,-2.65821,2.38662
-10,8275,-2.53736,2.38662
-10,8300,-2.40988,2.38662
-10,8325,-2.27673,2.38662
-10,8350,-2.13884,2.38662
-10,8375,-1.99708,2.38662
-10,8400,-1.85229,2.38662
-10,8425,-1.70523,2.38662
-10,8450,-1.55663,2.38662
-10,8475,-1.40714,2.38662
-10,8500,-1.25735,2.38662
-10,8525,-1.10781,2.38662
-10,8550,-0.959001,2.38662
-10,8575,-0.811363,2.38662
-10,8600,-0.665281,2.38662
-10,8625,-0.521097,2.38662
-10,8650,-0.379113,2.38662
-10,8675,-0.239594,2.38662
-10,8700,-0.102771,2.38662
-10,8725,0.0311545,2.38662
-10,8750,0.162009,2.38662
-10,8775,0.289642,2.38662
-10,8800,0.413926,2.38662
-10,8825,0.534753,2.38662
-10,8850,0.652029,2.38662
-10,8875,0.765678,2.38662
-10,8900,0.875634,2.38662
-10,8925,0.981846,2.38662
-10,8950,1.08427,2.38662
-10,8975,1.18287,2.38662
-10,9000,1.27762,2.38662
-10,9025,1.3685,2.38662
-10,9050,1.4555,2.38662
-10,9075,1.5386,2.38662
-10,9100,1.61779,2.38662
-10,9125,1.69308,2.38662
-10,9150,1.76446,2.38662
-10,9175,1.83193,2.38662
-10,9200,1.8955,2.38662
-10,9225,1.95517,2.38662
-10,9250,2.01095,2.38662
-10,9275,2.06284,2.38662
-10,9300,2.11085,2.38662
-10,9325,2.15499,2.38662
-10,9350,2.19526,2.38662
-10,9375,2.23167,2.38662
-10,9400,2.26423,2.38662
-10,9425,2.29294,2.38662
-10,9450,2.31781,2.38662
-10,9475,2.33884,2.38662
-10,9500,2.35605,2.38662
-10,9525,2.36943,2.38662
-10,9550,2.37898,2.38662
-10,9575,2.38471,2.38662
-10,9600,2.38662,2.38662
-10,9625,2.38471,2.38662
-10,9650,2.37898,2.38662
-10,9675,2.36943,2.38662
-10,9700,2.35605,2.38662
-10,9725,2.33884,2.38662
-10,9750,2.31781,2.38662
-10,9775,2.29294,2.38662
-10,9800,2.26423,2.38662
-10,9825,2.23167,2.38662
-10,9850,2.19526,2.38662
-10,9875,2.15499,2.38662
-10,9900,2.11085,2.38662
-10,9925,2.06284,2.38662
-10,9950,2.01095,2.38662
-10,9975,1.95517,2.38662
-10,10000,1.8955,2.38662
-10,10025,1.83193,2.38662
-10,10050,1.76446,2.38662
-10,10075,1.69308,2.38662
-10,10100,1.61779,2.38662
-10,10125,1.5386,2.38662
-10,10150,1.4555,2.38662
-10,10175,1.3685,2.38662
-10,10200,1.27762,2.38662
-10,10225,1.18287,2.38662
-10,10250,1.08427,2.38662
-10,10275,0.981846,2.38662
-10,10300,0.875634,2.38662
-10,10325,0.765678,2.38662
-10,10350,0.652029,2.38662
-10,10375,0.534753,2.38662
-10,10400,0.413926,2.38662
-10,10425,0.289642,2.38662
-10,10450,0.162009,2.38662
-10,10475,0.0311545,2.38662
-10,10500,-0.102771,2.38662
-10,10525,-0.239594,2.38662
-10,10550,-0.379113,2.38662
-10,10575,-0.521097,2.38662
-10,10600,-0.665281,2.38662
-10,10625,-0.811363,2.38662
-10,10650,-0.959001,2.38662
-10,10675,-1.10781,2.38662
-10,10700,-1.25735,2.38662
-10,10725,-1.40714,2.38662
-10,10750,-1.55663,2.38662
-10,10775,-1.70523,2.38662
-10,10800,-1.85229,2.38662
-10,10825,-1.99708,2.38662
-10,10850,-2.13884,2.38662
-10,10875,-2.27673,2.38662
-10,10900,-2.40988,2.38662
-10,10925,-2.53736,2.38662
-10,10950,-2.65821,2.38662
-10,10975,-2.77147,2.38662
-10,11000,-2.87614,2.38662
-10,11025,-2.97126,2.38662
-10,11050,-3.0559,2.38662
-10,11075,-3.12919,2.38662
-10,11100,-3.19033,2.38662
-10,11125,-3.23865,2.38662
-10,11150,-3.27357,2.38662
-10,11175,-3.2947,2.38662
-10,11200,-3.30177,2.38662
-10,11225,-3.2947,2.38662
-10,11250,-3.27357,2.38662
-10,11275,-3.23865,2.38662
-10,11300,-3.19033,2.38662
-10,11325,-3.12919,2.38662
-10,11350,-3.0559,2.38662
-10,11375,-2.97126,2.38662
-10,11400,-2.87614,2.38662
-10,11425,-2.77147,2.38662
-10,11450,-2.65821,2.38662
-10,11475,-2.53736,2.38662
-10,11500,-2.40988,2.38662
-10,11525,-2.27673,2.38662
-10,11550,-2.13884,2.38662
-10,11575,-1.99708,2.38662
-10,11600,-1.85229,2.38662
-10,11625,-1.70523,2.38662
-10,11650,-1.55663,2.38662
-10,11675,-1.40714,2.38662
-10,11700,-1.25735,2.38662
-10,11725,-1.10781,2.38662
-10,11750,-0.959001,2.38662
-10,11775,-0.811363,2.38662
-10,11800,-0.665281,2.38662
-10,11825,-0.521097,2.38662
-10,11850,-0.379113,2.38662
-10,11875,-0.239594,2.38662
-10,11900,-0.102771,2.38662
-10,11925,0.0311545,2.38662
-10,11950,0.162009,2.38662
-10,11975,0.289642,2.38662
-10,12000,0.413926,2.38662
-10,12025,0.534753,2.38662
-10,12050,0.652029,2.38662
-10,12075,0.765678,2.38662
-10,12100,0.875634,2.38662
-10,12125,0.981846,2.38662
-10,12150,1.08427,2.38662
-10,12175,1.18287,2.38662
-10,12200,1.27762,2.38662
-10,12225,1.3685,2.38662
-10,12250,1.4555,2.38662
-10,12275,1.5386,2.38662
-10,12300,1.61779,2.38662
-10,12325,1.69308,2.38662
-10,12350,1.76446,2.38662
-10,12375,1.83193,2.38662
-10,12400,1.8955,2.38662
-10,12425,1.95517,2.38662
-10,12450,2.01095,2.38662
-10,12475,2.06284,2.38662
-10,12500,2.11085,2.38662
-10,12525,2.15499,2.38662
-10,12550,2.19526,2.38662
-10,12575,2.23167,2.38662
-10,12600,2.26423,2.38662
-10,12625,2.29294,2.38662
-10,12650,2.31781,2.38662
-10,12675,2.33884,2.38662
-10,12700,2.35605,2.38662
-10,12725,2.36943,2.38662
-10,12750,2.37898,2.38662
-10,12775,2.38471,2.38662
-10,12800,2.38662,2.38662
-10,12825,2.38471,2.38662
-10,12850,2.37898,2.38662
-10,12875,2.36943,2.38662
-10,12900,2.35605,2.38662
-10,12925,2.33884,2.38662
-10,12950,2.31781,2.38662
-10,12975,2.29294,2.38662
-10,13000,2.26423,2.38662
-10,13025,2.23167,2.38662
-10,13050,2.19526,2.38662
-10,13075,2.15499,2.38662
-10,13100,2.11085,2.38662
-10,13125,2.06284,2.38662
-10,13150,2.01095,2.38662
-10,13175,1.95517,2.38662
-10,13200,1.8955,2.38662
-10,13225,1.83193,2.38662
-10,13250,1.76446,2.38662
-10,13275,1.69308,2.38662
-10,13300,1.61779,2.38662
-10,13325,1.5386,2.38662
-10,13350,1.4555,2.38662
-10,13375,1.3685,2.38662
-10,13400,1.27762,2.38662
-10,13425,1.18287,2.38662
-10,13450,1.08427,2.38662
-10,13475,0.981846,2.38662
-10,13500,0.875634,2.38662
-10,13525,0.765678,2.38662
-10,13550,0.652029,2.38662
-10,13575,0.534753,2.38662
-10,13600,0.413926,2.38662
-10,13625,0.289642,2.38662
-10,13650,0.162009,2.38662
-10,13675,0.0311545,2.38662
-10,13700,-0.102771,2.38662
-10,13725,-0.239594,2.38662
-10,13750,-0.379113,2.38662
-10,13775,-0.521097,2.38662
-10,13800,-0.665281,2.38662
-10,13825,-0.811363,2.38662
-10,13850,-0.959001,2.38662
-10,13875,-1.10781,2.38662
-10,13900,-1.25735,2.38662
-10,13925,-1.40714,2.38662
-10,13950,-1.55663,2.38662
-10,13975,-1.70523,2.38662
-10,14000,-1.85229,2.38662
-10,14025,-1.99708,2.38662
-10,14050,-2.13884,2.38662
-10,14075,-2.27673,2.38662
-10,14100,-2.40988,2.38662
-10,14125,-2.53736,2.38662
-10,14150,-2.65821,2.38662
-10,14175,-2.77147,2.38662
-10,14200,-2.87614,2.38662
-10,14225,-2.97126,2.38662
-10,14250,-3.0559,2.38662
-10,14275,-3.12919,2.38662
-10,14300,-3.19033,2.38662
-10,14325,-3.23865,2.38662
-10,14350,-3.27357,2.38662
-10,14375,-3.2947,2.38662
-10,14400,-3.30177,2.38662
-10,14425,-3.2947,2.38662
-10,14450,-3.27357,2.38662
-10,14475,-3.23865,2.38662
-10,14500,-3.19033,2.38662
-10,14525,-3.12919,2.38662
-10,14550,-3.0559,2.38662
-10,14575,-2.97126,2.38662
-10,14600,-2.87614,2.38662
-10,14625,-2.77147,2.38662
-10,14650,-2.65821,2.38662
-10,14675,-2.53736,2.38662
-10,14700,-2.40988,2.38662
-10,14725,-2.27673,2.38662
-10,14750,-2.13884,2.38662
-10,14775,-1.99708,2.38662
-10,14800,-1.85229,2.38662
-10,14825,-1.70523,2.38662
-10,14850,-1.55663,2.38662
-10,14875,-1.40714,2.38662
-10,14900,-1.25735,2.38662
-10,14925,-1.10781,2.38662
-10,14950,-0.959001,2.38662
-10,14975,-0.811363,2.38662
-10,15000,-0.665281,2.38662
-10,15025,-0.521097,2.38662
-10,15050,-0.379113,2.38662
-10,15075,-0.239594,2.38662
-10,15100,-0.102771,2.38662
-10,15125,0.0311545,2.38662
-10,15150,0.162009,2.38662
-10,15175,0.289642,2.38662
-10,15200,0.413926,2.38662
-10,15225,0.534753,2.38662
-10,15250,0.652029,2.38662
-10,15275,0.765678,2.38662
-10,15300,0.875634,2.38662
-10,15325,0.981846,2.38662
-10,15350,1.08427,2.38662
-10,15375,1.18287,2.38662
-10,15400,1.27762,2.38662
-10,15425,1.3685,2.38662
-10,15450,1.4555,2.38662
-10,15475,1.5386,2.38662
-10,15500,1.61779,2.38662
-10,15525,1.69308,2.38662
-10,15550,1.76446,2.38662
-10,15575,1.83193,2.38662
-10,15600,1.8955,2.38662
-10,15625,1.95517,2.38662
-10,15650,2.01095,2.38662
-10,15675,2.06284,2.38662
-10,15700,2.11085,2.38662
-10,15725,2.15499,2.38662
-10,15750,2.19526,2.38662
-10,15775,2.23167,2.38662
-10,15800,2.26423,2.38662
-10,15825,2.29294,2.38662
-10,15850,2.31781,2.38662
-10,15875,2.33884,2.38662
-10,15900,2.35605,2.38662
-10,15925,2.36943,2.38662
-10,15950,2.37898,2.38662
-10,15975,2.38471,2.38662
-10,16000,2.38662,2.38662
-10,16025,2.38471,2.38662
-10,16050,2.37898,2.38662
-10,16075,2.36943,2.38662
-10,16100,2.35605,2.38662
-10,16125,2.33884,2.38662
-10,16150,2.31781,2.38662
-10,16175,2.29294,2.38662
-10,16200,2.26423,2.38662
-10,16225,2.23167,2.38662
-10,16250,2.19526,2.38662
-10,16275,2.15499,2.38662
-10,16300,2.11085,2.38662
-10,16325,2.06284,2.38662
-10,16350,2.01095,2.38662
-10,16375,1.95517,2.38662
-10,16400,1.8955,2.38662
-10,16425,1.83193,2.38662
-10,16450,1.76446,2.38662
-10,16475,1.69308,2.38662
-10,16500,1.61779,2.38662
-10,16525,1.5386,2.38662
-10,16550,1.4555,2.38662
-10,16575,1.3685,2.38662
-10,16600,1.27762,2.38662
-10,16625,1.18287,2.38662
-10,16650,1.08427,2.38662
-10,16675,0.981846,2.38662
-10,16700,0.875634,2.38662
-10,16725,0.765678,2.38662
-10,16750,0.652029,2.38662
-10,16775,0.534753,2.38662
-10,16800,0.413926,2.38662
-10,16825,0.289642,2.38662
-10,16850,0.162009,2.38662
-10,16875,0.0311545,2.38662
-10,16900,-0.102771,2.38662
-10,16925,-0.239594,2.38662
-10,16950,-0.379113,2.38662
-10,16975,-0.521097,2.38662
-10,17000,-0.665281,2.38662
-10,17025,-0.811363,2.38662
-10,17050,-0.959001,2.38662
-10,17075,-1.10781,2.38662
-10,17100,-1.25735,2.38662
-10,17125,-1.40714,2.38662
-10,17150,-1.55663,2.38662
-10,17175,-1.70523,2.38662
-10,17200,-1.85229,2.38662
-10,17225,-1.99708,2.38662
-10,17250,-2.13884,2.38662
-10,17275,-2.27673,2.38662
-10,17300,-2.40988,2.38662
-10,17325,-2.53736,2.38662
-10,17350,-2.65821,2.38662
-10,17375,-2.77147,2.38662
-10,17400,-2.87614,2.38662
-10,17425,-2.97126,2.38662
-10,17450,-3.0559,2.38662
-10,17475,-3.12919,2.38662
-10,17500,-3.19033,2.38662
-10,17525,-3.23865,2.38662
-10,17550,-3.27357,2.38662
-10,17575,-3.2947,2.38662
-10,17600,-3.30177,2.38662
-10,17625,-3.2947,2.38662
-10,17650,-3.27357,2.38662
-10,17675,-3.23865,2.38662
-10,17700,-3.19033,2.38662
-10,17725,-3.12919,2.38662
-10,17750,-3.0559,2.38662
-10,17775,-2.97126,2.38662
-10,17800,-2.87614,2.38662
-10,17825,-2.77147,2.38662
-10,17850,-2.65821,2.38662
-10,17875,-2.53736,2.38662
-10,17900,-2.40988,2.38662
-10,17925,-2.27673,2.38662
-10,17950,-2.13884,2.38662
-10,17975,-1.99708,2.38662
-10,18000,-1.85229,2.38662
-10,18025,-1.70523,2.38662
-10,18050,-1.55663,2.38662
-10,18075,-1.40714,2.38662
-10,18100,-1.25735,2.38662
-10,18125,-1.10781,2.38662
-10,18150,-0.959001,2.38662
-10,18175,-0.811363,2.38662
-10,18200,-0.665281,2.38662
-10,18225,-0.521097,2.38662
-10,18250,-0.379113,2.38662
-10,18275,-0.239594,2.38662
-10,18300,-0.102771,2.38662
-10,18325,0.0311545,2.38662
-10,18350,0.162009,2.38662
-10,18375,0.289642,2.38662
-10,18400,0.413926,2.38662
-10,18425,0.534753,2.38662
-10,18450,0.652029,2.38662
-10,18475,0.765678,2.38662
-10,18500,0.875634,2.38662
-10,18525,0.981846,2.38662
-10,18550,1.08427,2.38662
-10,18575,1.18287,2.38662
-10,18600,1.27762,2.38662
-10,18625,1.3685,2.38662
-10,18650,1.4555,2.38662
-10,18675,1.5386,2.38662
-10,18700,1.61779,2.38662
-10,18725,1.69308,2.38662
-10,18750,1.76446,2.38662
-10,18775,1.83193,2.38662
-10,18800,1.8955,2.38662
-10,18825,1.95517,2.38662
-10,18850,2.01095,2.38662
-10,18875,2.06284,2.38662
-10,18900,2.11085,2.38662
-10,18925,2.15499,2.38662
-10,18950,2.19526,2.38662
-10,18975,2.23167,2.38662
-10,19000,2.26423,2.38662
-10,19025,2.29294,2.38662
-10,19050,2.31781,2.38662
-10,19075,2.33884,2.38662
-10,19100,2.35605,2.38662
-10,19125,2.36943,2.38662
-10,19150,2.37898,2.38662
-10,19175,2.38471,2.38662
-10,19200,2.38662,2.38662
-10,19225,2.38471,2.38662
-10,19250,2.37898,2.38662
-10,19275,2.36943,2.38662
-10,19300,2.35605,2.38662
-10,19325,2.33884,2.38662
-10,19350,2.31781,2.38662
-10,19375,2.29294,2.38662
-10,19400,2.26423,2.38662
-10,19425,2.23167,2.38662
-10,19450,2.19526,2.38662
-10,19475,2.15499,2.38662
-10,19500,2.11085,2.38662
-10,19525,2.06284,2.38662
-10,19550,2.01095,2.38662
-10,19575,1.95517,2.38662
-10,19600,1.8955,2.38662
-10,19625,1.83193,2.38662
-10,19650,1.76446,2.38662
-10,19675,1.69308,2.38662
-10,19700,1.61779,2.38662
-10,19725,1.5386,2.38662
-10,19750,1.4555,2.38662
-10,19775,1.3685,2.38662
-10,19800,1.27762,2.38662
-10,19825,1.18287,2.38662
-10,19850,1.08427,2.38662
-10,19875,0.981846,2.38662
-10,19900,0.875634,2.38662
-10,19925,0.765678,2.38662
-10,19950,0.652029,2.38662
-10,19975,0.534753,2.38662
-10,20000,0.413926,2.38662
