JLCPCB Part #,Manufacturer,MPN,Designators,Package,Per board,Fitted on 2 boards,Published loss allowance,Published minimum placements,Estimated charged quantity,Available order quantity,Library,Fixture required,Checked UTC,Source
C41556732,Murata,BLM21PG601SN1D,FB101,0805,1,2,4,5,6,5593,Extended,False,2026-09-30T04:53:26.820623+00:00,https://jlcpcb.com/partdetail/C41556732
C45783,Samsung Electro-Mechanics,CL21A226MAQNNNE,C101,0805,1,2,0,2,2,3366857,Basic,False,2026-09-30T04:53:27.088144+00:00,https://jlcpcb.com/partdetail/C45783
C14663,YAGEO,CC0603KRX7R9BB104,"C102,C104,C201,C301,C302,C303,C404,C405",0603,8,16,10,20,26,42887952,Basic,False,2026-09-30T04:53:27.223761+00:00,https://jlcpcb.com/partdetail/C14663
C14709,Murata Electronics,BLM18PG121SN1D,"FB102,FB201,FB202",0603,3,6,10,20,20,1897595,Basic,False,2026-09-30T04:53:27.062930+00:00,https://jlcpcb.com/partdetail/C14709
C15850,Samsung Electro-Mechanics,CL21A106KAYNNNE,"C103,C403",0805,2,4,10,20,20,3882265,Basic,False,2026-09-30T04:53:27.727175+00:00,https://jlcpcb.com/partdetail/C15850
C17888,UNI-ROYAL,1206W4F0000T5E,R101,1206,1,2,10,15,15,2412155,Basic,False,2026-09-30T04:53:27.975871+00:00,https://jlcpcb.com/partdetail/C17888
C22962,UNI-ROYAL,0603WAF2200T5E,R201,0603,1,2,10,20,20,1624196,Basic,False,2026-09-30T04:53:28.129958+00:00,https://jlcpcb.com/partdetail/C22962
C81598,ST(Semtech),1N4148W,"D201,D502",SOD-123,2,4,10,15,15,4961215,Basic,False,2026-09-30T04:53:28.101069+00:00,https://jlcpcb.com/partdetail/C81598
C21190,UNI-ROYAL,0603WAF1001T5E,"R202,R301,R503,R505",0603,4,8,10,20,20,17299703,Basic,False,2026-09-30T04:53:28.712295+00:00,https://jlcpcb.com/partdetail/C21190
C22775,UNI-ROYAL,0603WAF1000T5E,"R203,R502",0603,2,4,10,20,20,10151291,Basic,False,2026-09-30T04:53:28.771733+00:00,https://jlcpcb.com/partdetail/C22775
C19224,Nexperia,"PESD5V0S1BA,115","D202,D301,D302,D501",SOD-323,4,8,6,20,20,90950,Extended,False,2026-09-30T04:53:28.906500+00:00,https://jlcpcb.com/partdetail/C19224
C367316,CCTC,TCC1206COG101J102DT,"C202,C203",1206,2,4,10,15,15,57029,Extended,False,2026-09-30T04:53:29.076926+00:00,https://jlcpcb.com/partdetail/C367316
C69324,Nexperia,"PESD24VL1BA,115","D203,D204",SOD-323,2,4,5,5,9,31271,Extended,False,2026-09-30T04:53:29.545647+00:00,https://jlcpcb.com/partdetail/C69324
C25804,UNI-ROYAL,0603WAF1002T5E,"R302,R304,R405,R406,R501,R403,R404",0603,7,14,10,20,24,17420329,Basic,False,2026-09-30T04:53:29.774051+00:00,https://jlcpcb.com/partdetail/C25804
C22935,UNI-ROYAL,0603WAF1004T5E,R303,0603,1,2,10,20,20,6093806,Basic,False,2026-09-30T04:53:29.739504+00:00,https://jlcpcb.com/partdetail/C22935
C426769,Nexperia,"BAT54H,115","D303,D304,D305,D306",SOD-123F,4,8,4,5,12,8125,Extended,False,2026-09-30T04:53:29.978679+00:00,https://jlcpcb.com/partdetail/C426769
C37593,TI,ADS1115IDGSR,U301,VSSOP-10,1,2,0,0,2,26527,Extended,False,2026-09-30T04:53:30.483665+00:00,https://jlcpcb.com/partdetail/C37593
C23140,UNI-ROYAL,0603WAF330JT5E,"R305,R306",0603,2,4,10,20,20,5240005,Basic,False,2026-09-30T04:53:30.780741+00:00,https://jlcpcb.com/partdetail/C23140
C4190,UNI-ROYAL,0603WAF2201T5E,R307,0603,1,2,10,20,20,7223223,Basic,False,2026-09-30T04:53:30.747279+00:00,https://jlcpcb.com/partdetail/C4190
C13585,Samsung Electro-Mechanics,CL31A106KBHNNNE,"C401,C402,C502",1206,3,6,4,5,10,1768137,Basic,False,2026-09-30T04:53:30.766207+00:00,https://jlcpcb.com/partdetail/C13585
C25803,UNI-ROYAL,0603WAF1003T5E,"R401,R402,R504,R506",0603,4,8,10,20,20,20635118,Basic,False,2026-09-30T04:53:31.310965+00:00,https://jlcpcb.com/partdetail/C25803
C398360,Texas Instruments,TLV9002IDR,"U401,U402",SOIC-8,2,4,0,0,4,29550,Extended,False,2026-09-30T04:53:31.668508+00:00,https://jlcpcb.com/partdetail/C398360
C336261,Panasonic,EEEFK1C470P,C501,"SMD,D6.3xL5.8mm",1,2,0,5,5,203,Extended,False,2026-09-30T04:53:31.827562+00:00,https://jlcpcb.com/partdetail/C336261
C20917,Alpha & Omega,AO3400A,Q501,SOT-23,1,2,4,5,6,881029,Basic,False,2026-09-30T04:53:31.852426+00:00,https://jlcpcb.com/partdetail/C20917
