Ref,Val,Package,PosX,PosY,Rot,Side
"C101","22u / 10V X7R","C_0805_2012Metric",91.000000,-60.500000,90.000000,top
"C102","100n / 50V X7R","C_0603_1608Metric",92.250000,-64.000000,90.000000,top
"C103","10u / 16V X7R","C_0805_2012Metric",73.000000,-60.500000,90.000000,top
"C104","100n / 50V X7R","C_0603_1608Metric",76.000000,-60.250000,90.000000,top
"C201","100n / 50V X7R","C_0603_1608Metric",76.000000,-70.000000,90.000000,top
"C202","100p / 1kV C0G","C_1206_3216Metric",60.500000,-67.500000,90.000000,top
"C203","100p / 1kV C0G","C_1206_3216Metric",60.500000,-75.500000,90.000000,top
"C301","100n / 50V X7R","C_0603_1608Metric",69.750000,-84.000000,90.000000,top
"C302","100n / 50V X7R","C_0603_1608Metric",69.750000,-87.250000,90.000000,top
"C303","100n / 50V X7R","C_0603_1608Metric",78.250000,-85.000000,90.000000,top
"C401","10u / 50V X7R","C_1206_3216Metric",63.000000,-62.000000,0.000000,top
"C402","10u / 50V X7R","C_1206_3216Metric",70.000000,-64.000000,0.000000,top
"C403","10u / 16V X7R","C_0805_2012Metric",93.000000,-79.000000,0.000000,top
"C404","100n / 50V X7R","C_0603_1608Metric",82.000000,-62.000000,0.000000,top
"C405","100n / 50V X7R","C_0603_1608Metric",90.000000,-68.500000,0.000000,top
"C501","47u / 16V","CP_Elec_Panasonic_FK_D6.3_H5.8",98.000000,-63.000000,0.000000,top
"C502","10u / 50V X7R","C_1206_3216Metric",107.250000,-79.000000,0.000000,top
"C503","100n / 50V X7R","C_0603_1608Metric",99.500000,-68.500000,0.000000,top
"C601","10u / 50V X7R","C_1206_3216Metric",89.000000,-82.000000,0.000000,top
"C602","10u / 50V X7R","C_1206_3216Metric",89.000000,-90.000000,0.000000,top
"C603","2.2u / 25V X7R","C_0805_2012Metric",95.000000,-83.000000,90.000000,top
"C604","100n / 50V X7R","C_0603_1608Metric",99.000000,-82.500000,180.000000,top
"C605","2.2u / 25V X7R","C_0805_2012Metric",103.000000,-83.000000,0.000000,top
"C606","2.2u / 25V X7R","C_0805_2012Metric",99.000000,-90.000000,180.000000,top
"C607","2.2u / 25V X7R","C_0805_2012Metric",103.000000,-86.500000,-90.000000,top
"D201","1N4148W","D_SOD-123",64.500000,-78.200000,0.000000,top
"D202","PESD5V0S1BA","D_SOD-323",56.500000,-71.000000,90.000000,top
"D203","PESD24VL1BA","D_SOD-323",57.000000,-67.000000,0.000000,top
"D204","PESD24VL1BA","D_SOD-323",57.000000,-75.000000,0.000000,top
"D301","PESD5V0S1BA","D_SOD-323",58.000000,-80.000000,0.000000,top
"D302","PESD5V0S1BA","D_SOD-323",60.000000,-92.000000,0.000000,top
"D303","BAT54H","D_SOD-123F",71.000000,-80.500000,0.000000,top
"D304","BAT54H","D_SOD-123F",73.000000,-90.000000,0.000000,top
"D305","BAT54H","D_SOD-123F",75.750000,-80.000000,0.000000,top
"D306","BAT54H","D_SOD-123F",77.000000,-92.500000,0.000000,top
"D501","PESD5V0S1BA","D_SOD-323",113.000000,-61.500000,90.000000,top
"D502","1N4148W","D_SOD-123",111.000000,-76.000000,90.000000,top
"D601","PESD5V0S1BA","D_SOD-323",110.000000,-84.000000,0.000000,top
"D602","PESD5V0S1BA","D_SOD-323",108.750000,-90.000000,0.000000,top
"FB101","600R @100MHz","L_0805_2012Metric",88.000000,-60.000000,0.000000,top
"FB102","600R @100MHz","R_0603_1608Metric",70.000000,-60.000000,0.000000,top
"FB201","600R @100MHz","R_0603_1608Metric",62.500000,-70.750000,0.000000,top
"FB202","600R @100MHz","R_0603_1608Metric",59.250000,-72.250000,0.000000,top
"Q501","AO3400A","SOT-23",107.000000,-75.500000,0.000000,top
"R101","0R / chassis bond","R_1206_3216Metric",65.000000,-93.000000,0.000000,top
"R201","220R / 1%","R_0603_1608Metric",65.500000,-66.750000,90.000000,top
"R202","1k / 1%","R_0603_1608Metric",76.000000,-73.250000,90.000000,top
"R203","100R","R_0603_1608Metric",76.000000,-76.000000,0.000000,top
"R301","1k / 1%","R_0603_1608Metric",66.000000,-80.250000,0.000000,top
"R302","10k / 1%","R_0603_1608Metric",67.000000,-83.000000,0.000000,top
"R303","1M","R_0603_1608Metric",67.000000,-87.500000,90.000000,top
"R304","10k / 1%","R_0603_1608Metric",69.000000,-91.000000,0.000000,top
"R305","33R","R_0603_1608Metric",78.000000,-82.250000,0.000000,top
"R306","33R","R_0603_1608Metric",79.750000,-80.000000,0.000000,top
"R307","2.2k / rail bleed","R_0603_1608Metric",78.000000,-89.000000,90.000000,top
"R401","100k / 1%","R_0603_1608Metric",76.250000,-63.500000,90.000000,top
"R402","100k / 1%","R_0603_1608Metric",82.000000,-73.000000,90.000000,top
"R403","10k / 0.1%","R_0603_1608Metric",85.000000,-62.500000,90.000000,top
"R404","10k / 0.1%","R_0603_1608Metric",85.000000,-71.500000,90.000000,top
"R405","10k / 1%","R_0603_1608Metric",87.000000,-77.000000,0.000000,top
"R406","10k / 1%","R_0603_1608Metric",91.000000,-77.000000,0.000000,top
"R501","10k","R_0603_1608Metric",90.000000,-64.000000,90.000000,top
"R502","100R / 1%","R_0603_1608Metric",104.500000,-59.500000,0.000000,top
"R503","1k","R_0603_1608Metric",103.250000,-77.000000,0.000000,top
"R504","100k","R_0603_1608Metric",103.250000,-78.750000,0.000000,top
"R505","1k / isolation","R_0603_1608Metric",108.500000,-81.250000,0.000000,top
"R506","100k","R_0603_1608Metric",111.000000,-80.000000,90.000000,top
"R601","1k","R_0603_1608Metric",93.000000,-82.000000,90.000000,top
"R602","100k","R_0603_1608Metric",97.000000,-80.000000,0.000000,top
"R603","2R2 / 1%","R_0603_1608Metric",103.250000,-80.500000,0.000000,top
"R604","2R2 / 1%","R_0603_1608Metric",104.000000,-92.000000,0.000000,top
"U301","ADS1115IDGS","VSSOP-10_3x3mm_P0.5mm",74.000000,-85.000000,0.000000,top
"U401","OPA2320AIDR","SOIC-8_3.9x4.9mm_P1.27mm",81.000000,-67.000000,0.000000,top
"U402","OPA2320AIDR","SOIC-8_3.9x4.9mm_P1.27mm",90.000000,-73.000000,0.000000,top
"U501","OPA2320AIDR","SOIC-8_3.9x4.9mm_P1.27mm",99.500000,-73.000000,0.000000,top
"U601","TPA6132A2RTER","WQFN-16-1EP_3x3mm_P0.5mm_EP1.6x1.6mm_ThermalVias",99.000000,-86.000000,0.000000,top
