workload,callback_frames,callbacks,budget_us,median_us,p95_us,p99_us,p999_us,max_us,callback_allocations,preparation_allocated_bytes,reset_us,max_transforms_per_callback,worst_callback_index,worst_callback_end_mod_512,worst_callback_transforms,mean_us
granular_reference_10_shifters,64,3000,1333.333,58.037,340.981,347.685,356.871,357.518,0,329256,29.944,0,487,0,0,93.708
spectral_identity_focus_transition,64,3000,1333.333,42.055,1247.667,1272.241,1309.889,1351.686,0,583712,52.130,20,899,256,20,365.179
spectral_pitch_bank_warp_focus,64,3000,1333.333,1158.296,1788.611,1892.278,1977.334,2050.926,0,1852032,621.685,11,1063,0,11,1268.546
spectral_pitch_bank_attack_warp_focus,64,3000,1333.333,1142.074,1738.260,1838.740,1915.389,2007.852,0,1852032,622.796,11,39,0,11,1226.322
static_sound_path_filter_space_pan_attack,64,3000,1333.333,1234.759,1857.445,1972.426,2096.760,2141.112,0,2020400,691.334,11,512,64,5,1339.558
expression_modes_filter_space_pan_attack,64,3000,1333.333,1424.426,1963.908,2153.370,2314.000,2412.444,0,2026198,685.223,11,1952,64,5,1394.843
freeze_gliss_capture_assignment_filter_space,64,3000,1333.333,1460.389,2118.574,2255.315,2384.334,2759.500,0,2024712,687.908,11,1776,64,5,1515.935
granular_reference_10_shifters,128,1500,2666.667,116.667,401.611,409.908,415.463,433.185,0,329256,30.500,0,271,0,0,187.149
spectral_identity_focus_transition,128,1500,2666.667,255.111,1282.130,1310.129,1376.148,1522.518,0,583712,51.834,20,237,256,20,733.242
spectral_pitch_bank_warp_focus,128,1500,2666.667,2558.463,2909.703,3017.148,3112.204,3138.926,0,1852032,615.945,16,1023,0,16,2542.645
spectral_pitch_bank_attack_warp_focus,128,1500,2666.667,2462.352,2700.185,2819.408,2912.296,3111.334,0,1852032,679.463,16,19,0,16,2452.237
static_sound_path_filter_space_pan_attack,128,1500,2666.667,2697.963,2931.000,3010.574,3077.204,3106.296,0,2020400,681.704,16,171,0,16,2688.592
expression_modes_filter_space_pan_attack,128,1500,2666.667,2757.981,3262.000,3463.314,3647.871,3703.445,0,2026198,693.019,16,531,0,16,2782.048
freeze_gliss_capture_assignment_filter_space,128,1500,2666.667,3042.167,3313.741,3398.297,3539.871,3708.389,0,2024712,703.722,16,888,128,12,3013.919
