Designator,Mid X,Mid Y,Layer,Rotation
C101,81.0000mm,-54.0000mm,Top,0.000
C102,85.0000mm,-54.0000mm,Top,0.000
C301,73.0000mm,-64.0000mm,Top,0.000
C302,73.0000mm,-70.0000mm,Top,0.000
C303,79.0000mm,-61.0000mm,Top,0.000
D301,55.0000mm,-57.0000mm,Top,0.000
D302,55.0000mm,-69.0000mm,Top,0.000
D303,73.0000mm,-60.0000mm,Top,0.000
D304,72.0000mm,-67.0000mm,Top,0.000
D305,69.0000mm,-74.0000mm,Top,0.000
D306,74.0000mm,-74.0000mm,Top,0.000
FB101,77.0000mm,-54.0000mm,Top,0.000
R101,58.0000mm,-74.0000mm,Top,0.000
R301,65.0000mm,-60.0000mm,Top,0.000
R302,66.0000mm,-65.0000mm,Top,0.000
R303,63.0000mm,-71.0000mm,Top,0.000
R304,67.0000mm,-71.0000mm,Top,0.000
R305,85.0000mm,-63.0000mm,Top,0.000
R306,85.0000mm,-66.0000mm,Top,0.000
R307,82.0000mm,-72.0000mm,Top,0.000
R308,85.0000mm,-74.0000mm,Top,0.000
R309,85.0000mm,-79.0000mm,Top,0.000
U301,78.0000mm,-66.0000mm,Top,0.000
