workload,callback_frames,callbacks,budget_us,median_us,p95_us,p99_us,p999_us,max_us,callback_allocations,preparation_allocated_bytes,reset_us,max_transforms_per_callback,worst_callback_index,worst_callback_end_mod_512,worst_callback_transforms,mean_us,over_budget_callbacks
matched_granular_control,128,1500,2666.667,116.352,400.907,412.612,422.203,425.926,0,329256,30.278,0,959,0,0,187.125,0
matched_spectral_control,128,1500,2666.667,229.926,935.723,959.944,1018.333,1047.185,0,583776,51.463,20,111,0,20,549.958,0
matched_moving_gliss,128,1500,2666.667,2768.240,3043.000,3166.333,3283.908,3479.056,0,2024808,732.648,16,888,128,12,2745.768,1044
matched_stationary_hold,128,1500,2666.667,2460.371,2810.926,2967.760,3124.185,3276.222,0,2024808,741.333,16,1388,128,12,2477.034,215
matched_freeze_off,128,1500,2666.667,2435.185,2665.925,2757.611,2856.000,2909.833,0,2024808,783.907,16,676,128,12,2428.108,75
matched_granular_control,64,3000,1333.333,57.945,340.704,348.259,362.093,364.685,0,329256,30.092,0,799,0,0,93.547,0
matched_spectral_control,64,3000,1333.333,28.666,913.482,943.703,990.667,1141.519,0,583776,54.741,20,2955,256,20,274.945,0
matched_moving_gliss,64,3000,1333.333,1300.463,2007.963,2134.463,2245.944,2528.334,0,2024808,790.611,11,1776,64,5,1377.454,1478
matched_stationary_hold,64,3000,1333.333,1251.944,1811.926,1943.112,2053.167,2123.222,0,2024808,750.333,11,2776,64,5,1235.597,1412
matched_freeze_off,64,3000,1333.333,1114.463,1738.889,1850.926,1951.204,2052.704,0,2024808,743.852,11,1352,64,5,1212.082,1279
