workload,callback_frames,end_mod_512,stage,calls,inclusive_mean_us,exclusive_mean_us
matched_freeze_off,64,0,forward_fft,1125,26.042803,26.042803
matched_freeze_off,64,0,interpretation,1125,161.259221,161.259221
matched_freeze_off,64,0,inverse_fft,2250,24.898411,24.898411
matched_freeze_off,64,0,long_render,750,56.025603,43.995619
matched_freeze_off,64,0,short_render,1500,80.386864,67.518437
matched_freeze_off,64,64,attack_canonical_index,1122,21.162504,21.162504
matched_freeze_off,64,64,attack_group_families,1122,9.597704,9.597704
matched_freeze_off,64,64,attack_group_scoring,1122,60.997568,60.997568
matched_freeze_off,64,64,attack_observations,1122,59.650872,59.650872
matched_freeze_off,64,64,attack_partials,1122,208.735952,208.735952
matched_freeze_off,64,64,attack_reservation,1122,4.556355,4.556355
matched_freeze_off,64,64,forward_fft,1122,25.812549,25.812549
matched_freeze_off,64,64,interpretation,1122,159.146768,159.146768
matched_freeze_off,64,64,long_attack,374,224.921605,0.383008
matched_freeze_off,64,64,low_attack,374,19.287309,0.445877
matched_freeze_off,64,64,short_attack,374,121.723264,0.402339
matched_freeze_off,64,128,forward_fft,375,3.859368,3.859368
matched_freeze_off,64,128,interpretation,375,37.545651,37.545651
matched_freeze_off,64,128,inverse_fft,2992,38.759968,38.759968
matched_freeze_off,64,128,long_render,1496,153.548707,127.824083
matched_freeze_off,64,128,short_render,1496,79.966725,66.931381
matched_freeze_off,64,192,attack_canonical_index,375,0.022360,0.022360
matched_freeze_off,64,192,attack_group_families,375,3.063403,3.063403
matched_freeze_off,64,192,attack_group_scoring,375,16.260872,16.260872
matched_freeze_off,64,192,attack_observations,375,19.791283,19.791283
matched_freeze_off,64,192,attack_partials,375,83.037741,83.037741
matched_freeze_off,64,192,attack_reservation,375,1.260032,1.260032
matched_freeze_off,64,192,forward_fft,375,3.684480,3.684480
matched_freeze_off,64,192,interpretation,375,36.124923,36.124923
matched_freeze_off,64,192,inverse_fft,2244,37.077603,37.077603
matched_freeze_off,64,192,long_render,2244,214.515723,177.438120
matched_freeze_off,64,192,short_attack,375,123.896816,0.461125
matched_freeze_off,64,256,forward_fft,750,11.235512,11.235512
matched_freeze_off,64,256,interpretation,750,157.744139,157.744139
matched_freeze_off,64,256,inverse_fft,2248,24.915864,24.915864
matched_freeze_off,64,256,long_render,748,55.835824,43.844848
matched_freeze_off,64,256,short_render,1500,80.418875,67.493987
matched_freeze_off,64,320,attack_canonical_index,750,12.272437,12.272437
matched_freeze_off,64,320,attack_group_families,750,7.950491,7.950491
matched_freeze_off,64,320,attack_group_scoring,750,59.745469,59.745469
matched_freeze_off,64,320,attack_observations,750,58.548560,58.548560
matched_freeze_off,64,320,attack_partials,750,204.197301,204.197301
matched_freeze_off,64,320,attack_reservation,750,4.274872,4.274872
matched_freeze_off,64,320,forward_fft,750,11.104003,11.104003
matched_freeze_off,64,320,interpretation,750,155.686443,155.686443
matched_freeze_off,64,320,long_attack,375,225.674867,0.453848
matched_freeze_off,64,320,short_attack,375,122.171928,0.403816
matched_freeze_off,64,384,forward_fft,375,3.852365,3.852365
matched_freeze_off,64,384,interpretation,375,37.712379,37.712379
matched_freeze_off,64,384,inverse_fft,3000,40.258563,40.258563
matched_freeze_off,64,384,long_render,1500,154.968976,127.787693
matched_freeze_off,64,384,short_render,1500,79.619424,66.542144
matched_freeze_off,64,448,attack_canonical_index,375,0.021440,0.021440
matched_freeze_off,64,448,attack_group_families,375,3.124120,3.124120
matched_freeze_off,64,448,attack_group_scoring,375,16.135861,16.135861
matched_freeze_off,64,448,attack_observations,375,19.878376,19.878376
matched_freeze_off,64,448,attack_partials,375,83.258843,83.258843
matched_freeze_off,64,448,attack_reservation,375,1.268339,1.268339
matched_freeze_off,64,448,forward_fft,375,3.696189,3.696189
matched_freeze_off,64,448,interpretation,375,36.285571,36.285571
matched_freeze_off,64,448,inverse_fft,2250,37.143128,37.143128
matched_freeze_off,64,448,long_render,2250,214.629235,177.486107
matched_freeze_off,64,448,short_attack,375,124.143240,0.456261
matched_freeze_off,128,0,attack_canonical_index,375,0.021896,0.021896
matched_freeze_off,128,0,attack_group_families,375,3.085915,3.085915
matched_freeze_off,128,0,attack_group_scoring,375,16.135619,16.135619
matched_freeze_off,128,0,attack_observations,375,19.870091,19.870091
matched_freeze_off,128,0,attack_partials,375,83.125811,83.125811
matched_freeze_off,128,0,attack_reservation,375,1.263624,1.263624
matched_freeze_off,128,0,forward_fft,1500,29.538184,29.538184
matched_freeze_off,128,0,interpretation,1500,197.521717,197.521717
matched_freeze_off,128,0,inverse_fft,4500,62.336429,62.336429
matched_freeze_off,128,0,long_render,3000,270.226768,220.934669
matched_freeze_off,128,0,short_attack,375,123.957299,0.454344
matched_freeze_off,128,0,short_render,1500,80.446731,67.402400
matched_freeze_off,128,128,attack_canonical_index,1122,21.144944,21.144944
matched_freeze_off,128,128,attack_group_families,1122,9.599456,9.599456
matched_freeze_off,128,128,attack_group_scoring,1122,60.898200,60.898200
matched_freeze_off,128,128,attack_observations,1122,59.754584,59.754584
matched_freeze_off,128,128,attack_partials,1122,208.936995,208.936995
matched_freeze_off,128,128,attack_reservation,1122,4.547435,4.547435
matched_freeze_off,128,128,forward_fft,1497,29.394904,29.394904
matched_freeze_off,128,128,interpretation,1497,196.554691,196.554691
matched_freeze_off,128,128,inverse_fft,2992,39.069720,39.069720
matched_freeze_off,128,128,long_attack,374,225.142813,0.396176
matched_freeze_off,128,128,long_render,1496,153.381293,127.535376
matched_freeze_off,128,128,low_attack,374,19.308699,0.417984
matched_freeze_off,128,128,short_attack,374,121.668405,0.424144
matched_freeze_off,128,128,short_render,1496,80.100299,66.876496
matched_freeze_off,128,256,attack_canonical_index,375,0.023067,0.023067
matched_freeze_off,128,256,attack_group_families,375,3.064552,3.064552
matched_freeze_off,128,256,attack_group_scoring,375,16.239080,16.239080
matched_freeze_off,128,256,attack_observations,375,19.928981,19.928981
matched_freeze_off,128,256,attack_partials,375,83.053891,83.053891
matched_freeze_off,128,256,attack_reservation,375,1.258957,1.258957
matched_freeze_off,128,256,forward_fft,1125,14.808168,14.808168
matched_freeze_off,128,256,interpretation,1125,193.901883,193.901883
matched_freeze_off,128,256,inverse_fft,4492,62.175787,62.175787
matched_freeze_off,128,256,long_render,2992,269.857712,220.709075
matched_freeze_off,128,256,short_attack,375,124.026045,0.457517
matched_freeze_off,128,256,short_render,1500,80.371672,67.344523
matched_freeze_off,128,384,attack_canonical_index,750,12.286531,12.286531
matched_freeze_off,128,384,attack_group_families,750,7.949933,7.949933
matched_freeze_off,128,384,attack_group_scoring,750,59.620576,59.620576
matched_freeze_off,128,384,attack_observations,750,58.564197,58.564197
matched_freeze_off,128,384,attack_partials,750,204.348797,204.348797
matched_freeze_off,128,384,attack_reservation,750,4.301680,4.301680
matched_freeze_off,128,384,forward_fft,1125,14.894171,14.894171
matched_freeze_off,128,384,interpretation,1125,193.457384,193.457384
matched_freeze_off,128,384,inverse_fft,3000,40.735077,40.735077
matched_freeze_off,128,384,long_attack,375,225.835656,0.449237
matched_freeze_off,128,384,long_render,1500,155.071837,127.608504
matched_freeze_off,128,384,short_attack,375,122.103336,0.418040
matched_freeze_off,128,384,short_render,1500,79.776291,66.504547
matched_spectral_control,64,0,forward_fft,1500,21.642435,21.642435
matched_spectral_control,64,0,inverse_fft,6000,82.709712,82.709712
matched_spectral_control,64,128,forward_fft,750,7.186787,7.186787
matched_spectral_control,64,128,inverse_fft,1500,12.077648,12.077648
matched_spectral_control,64,256,forward_fft,1500,21.643267,21.643267
matched_spectral_control,64,256,inverse_fft,6000,82.724445,82.724445
matched_spectral_control,64,384,forward_fft,750,7.182184,7.182184
matched_spectral_control,64,384,inverse_fft,1500,12.077147,12.077147
matched_spectral_control,128,0,forward_fft,1500,21.615971,21.615971
matched_spectral_control,128,0,inverse_fft,6000,82.930528,82.930528
matched_spectral_control,128,128,forward_fft,750,7.191672,7.191672
matched_spectral_control,128,128,inverse_fft,1500,12.021917,12.021917
matched_spectral_control,128,256,forward_fft,1500,21.652997,21.652997
matched_spectral_control,128,256,inverse_fft,6000,82.917320,82.917320
matched_spectral_control,128,384,forward_fft,750,7.194035,7.194035
matched_spectral_control,128,384,inverse_fft,1500,11.972848,11.972848
