resolution,stage,updates,calls,inclusive_mean_us_per_update,exclusive_mean_us_per_update
0,binding_birth_remainder,749,191161,116.9702603471295,66.26035113484647
0,canonical,749,189644,6.5283871829105475,6.5283871829105475
0,envelope,749,189644,16.46788785046729,16.46788785046729
0,owner,749,189644,27.713634178905206,27.713634178905206
1,binding_birth_remainder,1499,216894,79.12372381587726,25.811631754503004
1,canonical,1499,216894,25.63152101400934,25.63152101400934
1,envelope,1499,216894,11.573670446964643,11.573670446964643
1,owner,1499,216894,16.106900600400266,16.106900600400266
2,binding_birth_remainder,374,4691,4.697344919786096,1.6822245989304814
2,canonical,374,0,0.0,0.0
2,envelope,374,4691,1.1735935828877004,1.1735935828877004
2,owner,374,4691,1.8415267379679143,1.8415267379679143
