stage,frame_size,channel,voice,calls,mean_inclusive_us,mean_exclusive_us
attack_canonical_index,1024,-2,-1,1499,0.072891,0.072891
attack_canonical_index,2048,-2,-1,749,25.355527,25.355527
attack_canonical_index,4096,-2,-1,374,26.492572,26.492572
attack_group_families,1024,-2,-1,1499,6.117188,6.117188
attack_group_families,2048,-2,-1,749,10.717632,10.717632
attack_group_families,4096,-2,-1,374,4.322053,4.322053
attack_group_scoring,1024,-2,-1,1499,34.082202,34.082202
attack_group_scoring,2048,-2,-1,749,92.866073,92.866073
attack_group_scoring,4096,-2,-1,374,3.327003,3.327003
attack_observations,1024,-2,-1,1499,38.117865,38.117865
attack_observations,2048,-2,-1,749,76.843924,76.843924
attack_observations,4096,-2,-1,374,4.051572,4.051572
attack_partials,1024,-2,-1,1499,204.467147,204.467147
attack_partials,2048,-2,-1,749,326.166278,326.166278
attack_partials,4096,-2,-1,374,18.713816,18.713816
attack_reservation,1024,-2,-1,1499,9.838225,9.838225
attack_reservation,2048,-2,-1,749,17.258710,17.258710
attack_reservation,4096,-2,-1,374,1.636751,1.636751
forward_fft,1024,0,-1,1500,40.537353,40.537353
forward_fft,1024,1,-1,1499,20.647909,20.647909
forward_fft,2048,0,-1,750,54.450964,54.450964
forward_fft,2048,1,-1,749,37.804242,37.804242
forward_fft,4096,0,-1,375,90.722979,90.722979
forward_fft,4096,1,-1,374,88.683150,88.683150
interpretation,1024,0,-1,1500,78.985259,78.985259
interpretation,1024,1,-1,1499,75.803960,75.803960
interpretation,2048,0,-1,750,278.197828,278.197828
interpretation,2048,1,-1,749,274.012953,274.012953
interpretation,4096,0,-1,375,9.350925,9.350925
interpretation,4096,1,-1,374,9.586658,9.586658
inverse_fft,1024,0,4,1499,30.949486,30.949486
inverse_fft,1024,0,5,1499,17.551720,17.551720
inverse_fft,1024,1,4,1499,17.512319,17.512319
inverse_fft,1024,1,5,1499,17.812470,17.812470
inverse_fft,2048,0,0,749,39.429904,39.429904
inverse_fft,2048,0,1,749,31.955008,31.955008
inverse_fft,2048,0,2,749,32.728155,32.728155
inverse_fft,2048,0,3,749,32.173551,32.173551
inverse_fft,2048,0,4,749,31.715395,31.715395
inverse_fft,2048,0,5,749,31.781352,31.781352
inverse_fft,2048,1,0,749,32.485211,32.485211
inverse_fft,2048,1,1,749,31.928406,31.928406
inverse_fft,2048,1,2,749,32.394836,32.394836
inverse_fft,2048,1,3,749,31.692760,31.692760
inverse_fft,2048,1,4,749,32.097061,32.097061
inverse_fft,2048,1,5,749,33.053794,33.053794
long_attack,2048,-2,-1,749,552.610936,3.402792
long_render,2048,0,0,749,113.251758,73.821854
long_render,2048,0,1,749,141.723794,109.768786
long_render,2048,0,2,749,144.652319,111.924164
long_render,2048,0,3,749,127.878903,95.705351
long_render,2048,0,4,749,115.296052,83.580657
long_render,2048,0,5,749,98.535563,66.754211
long_render,2048,1,0,749,104.116834,71.631623
long_render,2048,1,1,749,136.346854,104.418449
long_render,2048,1,2,749,136.905131,104.510295
long_render,2048,1,3,749,119.045997,87.353238
long_render,2048,1,4,749,108.800736,76.703674
long_render,2048,1,5,749,105.299067,72.245272
low_attack,4096,-2,-1,374,64.929802,6.386035
short_attack,1024,-2,-1,1499,295.548674,2.853154
short_render,1024,0,4,1499,87.349961,56.400476
short_render,1024,0,5,1499,64.648597,47.096877
short_render,1024,1,4,1499,72.122851,54.610532
short_render,1024,1,5,1499,61.909516,44.097046
