Reference,Value,Footprint,Purchasing specification,Assembly
J102,MONO AUDIO INPUT FROM SOURCE,Connector_PinHeader_2.54mm:PinHeader_1x02_P2.54mm_Vertical,PinHeader_1x02_P2.54mm_Vertical,THT manual
J101,5V POWER + ENABLE INPUT,Connector_PinHeader_2.54mm:PinHeader_1x03_P2.54mm_Vertical,PinHeader_1x03_P2.54mm_Vertical,THT manual
J503,LINE AUDIO OUTPUT TO TS SOCKET,Connector_PinHeader_2.54mm:PinHeader_1x02_P2.54mm_Vertical,PinHeader_1x02_P2.54mm_Vertical,THT manual
J502,AUDIO OUTPUT TO AMP INPUT,Connector_PinHeader_2.54mm:PinHeader_1x02_P2.54mm_Vertical,PinHeader_1x02_P2.54mm_Vertical,THT manual
FB101,800R@100MHz / WE 7427501,Ardor_THT:Ferrite_WE_7427501_P15.24mm,Wurth Elektronik 7427501,THT manual
C101,22u / 25V polarized,Capacitor_THT:CP_Radial_D6.3mm_P2.50mm,"Radial electrolytic 22uF 25V, D<=6.3mm P2.5mm",THT manual
C102,100n / 50V X7R,Capacitor_THT:C_Disc_D5.0mm_W2.5mm_P5.00mm,"100nF 50V X7R radial, 5mm lead pitch",THT manual
C401,10u / 25V BIPOLAR,Ardor_THT:CP_Bipolar_D6.3mm_P2.50mm,Nichicon UES1E100MDM,THT manual
R401,100kR / 1% 0.25W,Resistor_THT:R_Axial_DIN0207_L6.3mm_D2.5mm_P10.16mm_Horizontal,Axial metal film 100kΩ 1% 0.25W,THT manual
U501,MCP6022-I/P,Package_DIP:DIP-8_W7.62mm_Socket,Microchip MCP6022-I/P,THT manual
C501,47u / 25V polarized,Capacitor_THT:CP_Radial_D6.3mm_P2.50mm,"Radial electrolytic 47uF 25V, D<=6.3mm P2.5mm",THT manual
R501,10kR / 1% 0.25W,Resistor_THT:R_Axial_DIN0207_L6.3mm_D2.5mm_P10.16mm_Horizontal,Axial metal film 10kΩ 1% 0.25W,THT manual
R502,100R / 1% 0.25W,Resistor_THT:R_Axial_DIN0207_L6.3mm_D2.5mm_P10.16mm_Horizontal,Axial metal film 100Ω 1% 0.25W,THT manual
K501,Omron G5V-1 DC5,Relay_THT:Relay_SPDT_Omron_G5V-1,Omron G5V-1 DC5,THT manual
D501,1.5KE6.8CA,Ardor_THT:D_TVS_DC_1.5KE_P15.24mm,DC Components 1.5KE6.8CA (HESTORE 100.430.71),THT manual
R101,0R / 1% 0.25W,Resistor_THT:R_Axial_DIN0207_L6.3mm_D2.5mm_P10.16mm_Horizontal,Axial metal film 0Ω 1% 0.25W,THT manual
Q501,2N3904 / E-B-C,Package_TO_SOT_THT:TO-92_Inline_Wide,onsemi 2N3904BU,THT manual
R503,470R / 1% 0.25W,Resistor_THT:R_Axial_DIN0207_L6.3mm_D2.5mm_P10.16mm_Horizontal,Axial metal film 470Ω 1% 0.25W,THT manual
R504,100kR / 1% 0.25W,Resistor_THT:R_Axial_DIN0207_L6.3mm_D2.5mm_P10.16mm_Horizontal,Axial metal film 100kΩ 1% 0.25W,THT manual
D502,1N4148,Diode_THT:D_DO-35_SOD27_P7.62mm_Horizontal,Vishay 1N4148-TAP,THT manual
R405,10kR / 1% 0.25W,Resistor_THT:R_Axial_DIN0207_L6.3mm_D2.5mm_P10.16mm_Horizontal,Axial metal film 10kΩ 1% 0.25W,THT manual
R406,10kR / 1% 0.25W,Resistor_THT:R_Axial_DIN0207_L6.3mm_D2.5mm_P10.16mm_Horizontal,Axial metal film 10kΩ 1% 0.25W,THT manual
C403,10u / 25V polarized,Capacitor_THT:CP_Radial_D6.3mm_P2.50mm,"Radial electrolytic 10uF 25V, D<=6.3mm P2.5mm",THT manual
C404,100n / 50V X7R,Capacitor_THT:C_Disc_D5.0mm_W2.5mm_P5.00mm,"100nF 50V X7R radial, 5mm lead pitch",THT manual
C502,10u / 25V BIPOLAR,Ardor_THT:CP_Bipolar_D6.3mm_P2.50mm,Nichicon UES1E100MDM,THT manual
R505,1kR / 1% 0.25W,Resistor_THT:R_Axial_DIN0207_L6.3mm_D2.5mm_P10.16mm_Horizontal,Axial metal film 1kΩ 1% 0.25W,THT manual
R506,100kR / 1% 0.25W,Resistor_THT:R_Axial_DIN0207_L6.3mm_D2.5mm_P10.16mm_Horizontal,Axial metal film 100kΩ 1% 0.25W,THT manual
