workload,callback_frames,end_mod_512,callbacks,mean_us,median_us,p99_us,max_us,over_budget_callbacks,stage_exclusive_mean_us,residual_mean_us
matched_freeze_off,64,0,375,1253.477352,1248.260000,1433.220000,1470.830000,44,1047.633427,205.843925
matched_freeze_off,64,64,375,1326.463403,1323.170000,1585.060000,1632.850000,172,1203.627419,122.835984
matched_freeze_off,64,128,375,1050.960533,1054.540000,1215.090000,1259.960000,0,917.164899,133.795635
matched_freeze_off,64,192,375,1203.095504,1208.830000,1366.110000,1398.610000,10,1080.767752,122.327752
matched_freeze_off,64,256,375,1107.992395,1098.410000,1284.220000,1336.440000,1,950.860709,157.131685
matched_freeze_off,64,320,375,1162.680379,1147.410000,1439.020000,1532.370000,28,1043.912107,118.768272
matched_freeze_off,64,384,375,1003.681853,1006.200000,1122.540000,1190.960000,0,873.504195,130.177659
matched_freeze_off,64,448,375,1178.291813,1186.300000,1315.260000,1326.960000,0,1057.989571,120.302243
matched_freeze_off,128,0,375,2438.497573,2442.390000,2686.760000,2759.430000,6,2107.761616,330.735957
matched_freeze_off,128,128,375,2381.468317,2381.320000,2608.830000,2714.610000,3,2124.355283,257.113035
matched_freeze_off,128,256,375,2316.427141,2325.090000,2570.440000,2631.540000,0,2035.481360,280.945781
matched_freeze_off,128,384,375,2158.739200,2161.630000,2390.000000,2463.800000,0,1908.853707,249.885493
matched_granular_control,64,0,375,341.747563,340.500000,363.426000,367.852000,0,0.000000,341.747563
matched_granular_control,64,64,375,58.589059,58.037000,64.852000,78.611000,0,0.000000,58.589059
matched_granular_control,64,128,375,58.499765,57.907000,66.371000,109.704000,0,0.000000,58.499765
matched_granular_control,64,192,375,58.716261,58.074000,65.074000,122.056000,0,0.000000,58.716261
matched_granular_control,64,256,375,59.032701,58.500000,66.704000,77.185000,0,0.000000,59.032701
matched_granular_control,64,320,375,58.731125,58.389000,64.185000,67.407000,0,0.000000,58.731125
matched_granular_control,64,384,375,58.692203,58.315000,65.445000,72.426000,0,0.000000,58.692203
matched_granular_control,64,448,375,58.385877,58.000000,65.148000,77.908000,0,0.000000,58.385877
matched_granular_control,128,0,375,399.657733,397.944000,424.482000,468.630000,0,0.000000,399.657733
matched_granular_control,128,128,375,117.184464,115.852000,127.851000,146.685000,0,0.000000,117.184464
matched_granular_control,128,256,375,117.212939,116.389000,126.981000,131.833000,0,0.000000,117.212939
matched_granular_control,128,384,375,116.914867,116.055000,128.814000,142.166000,0,0.000000,116.914867
matched_spectral_control,64,0,375,920.064104,914.777000,969.741000,1001.740000,0,566.854269,353.209835
matched_spectral_control,64,64,375,13.084997,13.111000,15.149000,50.908000,0,0.000000,13.084997
matched_spectral_control,64,128,375,173.733416,172.130000,190.333000,403.500000,0,107.492779,66.240637
matched_spectral_control,64,192,375,12.524808,12.426000,14.963000,27.926000,0,0.000000,12.524808
matched_spectral_control,64,256,375,922.021288,914.852000,995.445000,1197.180000,0,567.483888,354.537400
matched_spectral_control,64,320,375,12.683693,12.241000,14.981000,53.111000,0,0.000000,12.683693
matched_spectral_control,64,384,375,172.460877,171.296000,195.740000,218.389000,0,106.880725,65.580152
matched_spectral_control,64,448,375,12.264189,12.000000,22.426000,54.963000,0,0.000000,12.264189
matched_spectral_control,128,0,375,932.904603,926.352000,984.056000,1083.680000,0,566.416453,366.488149
matched_spectral_control,128,128,375,185.465920,183.500000,203.981000,363.445000,0,107.821205,77.644715
matched_spectral_control,128,256,375,934.082979,926.722000,994.871000,1313.680000,0,566.799285,367.283693
matched_spectral_control,128,384,375,185.205555,183.204000,208.056000,284.704000,0,107.326147,77.879408
